{"stats":{"minecraft:broken":{"minecraft:iron_shovel":1,"minecraft:stone_pickaxe":1,"minecraft:stone_axe":5,"minecraft:wooden_axe":1,"minecraft:stone_shovel":8},"minecraft:crafted":{"biomemakeover:willow_stairs":16,"minecraft:oak_planks":2,"minecraft:stone_shovel":10,"minecraft:furnace":1,"biomesoplenty:redwood_slab":114,"biomemakeover:willow_planks":628,"minecraft:stone_pickaxe":3,"minecraft:chest":6,"biomesoplenty:redwood_stairs":8,"biomesoplenty:redwood_pressure_plate":1,"biomesoplenty:redwood_door":6,"minecraft:crafting_table":2,"biomesoplenty:redwood_planks":936,"minecraft:wooden_pickaxe":1,"biomesoplenty:redwood_fence":75,"biomesoplenty:redwood_fence_gate":3,"minecraft:birch_planks":7,"minecraft:stone_axe":5,"minecraft:air":37,"biomesoplenty:redwood_button":4,"minecraft:stick":40,"biomemakeover:willow_slab":48,"minecraft:wooden_axe":2,"minecraft:torch":12},"minecraft:killed":{"minecraft:spider":1,"minecraft:pig":4,"minecraft:creeper":1,"minecraft:sheep":1,"minecraft:goat":1,"minecraft:zombie":2,"minecraft:stray":1},"minecraft:used":{"minecraft:netherite_sword":5,"biomesoplenty:redwood_door":7,"minecraft:iron_shovel":250,"minecraft:stone_shovel":1171,"biomesoplenty:redwood_planks":193,"biomemakeover:willow_sapling":20,"minecraft:chest":6,"biomesoplenty:redwood_pressure_plate":1,"mcwfurnitures:stripped_warped_modern_chair":1,"minecraft:torch":25,"minecraft:dirt":359,"mcwfurnituresbop:hellbark_modern_chair":1,"biomemakeover:willow_slab":51,"biomesoplenty:redwood_fence":99,"mcwfurnituresbop:magic_chair":1,"minecraft:spruce_fence":6,"minecraft:wooden_axe":71,"mcwfurnituresbop:willow_modern_chair":24,"mcwfurnituresbop:dead_chair":5,"minecraft:grass_block":9,"mcwfurnituresbop:magic_modern_chair":48,"minecraft:red_carpet":90,"biomesoplenty:redwood_button":4,"minecraft:furnace":2,"tombstone:gift":7,"biomemakeover:willow_stairs":14,"biomesoplenty:redwood_slab":122,"mcwlights:shroomlight_slab":7,"minecraft:dark_prismarine_stairs":32,"biomemakeover:willow_planks":496,"biomesoplenty:redwood_fence_gate":3,"minecraft:stone_pickaxe":182,"biomesoplenty:redwood_sapling":8,"minecraft:wooden_pickaxe":3,"minecraft:sand":1,"minecraft:crafting_table":10,"minecraft:blast_furnace":1,"littleframes:creative_pic_frame":1,"minecraft:dark_prismarine":9,"mcwfurnituresbop:magic_striped_chair":3,"minecraft:bread":20,"minecraft:spruce_sapling":1,"minecraft:stone_axe":662,"securitycraft:reinforced_dark_prismarine_stairs":111,"minecraft:cobblestone":1,"minecraft:purple_bed":6,"minecraft:cooked_porkchop":2,"biomesoplenty:redwood_stairs":8},"minecraft:picked_up":{"biomesoplenty:redwood_log":152,"minecraft:crafting_table":9,"minecraft:wheat":16,"minecraft:clay_ball":108,"croptopia:tomatillo_seed":2,"biomemakeover:willow_planks":127,"minecraft:raw_copper":37,"biomesoplenty:redwood_slab":46,"croptopia:tomatillo":1,"croptopia:tomato_seed":2,"croptopia:pepper_seed":3,"biomemakeover:willow_log":157,"biomesoplenty:redwood_wood":82,"minecraft:sugar_cane":79,"minecraft:furnace":1,"minecraft:stick":72,"minecraft:raw_iron":1,"minecraft:torch":13,"minecraft:porkchop":11,"tombstone:grave_dust":2,"minecraft:purple_candle":5,"biomesoplenty:redwood_planks":72,"minecraft:rotten_flesh":44,"securitycraft:reinforced_dark_prismarine_stairs":64,"minecraft:arrow":14,"biomesoplenty:redwood_pressure_plate":1,"biomesoplenty:cattail":1,"biomesoplenty:redwood_fence":32,"croptopia:salt":38,"croptopia:pepper":1,"biomesoplenty:redwood_sapling":57,"supplementaries:ash":2,"minecraft:mutton":4,"minecraft:white_wool":3,"minecraft:cobblestone":69,"minecraft:birch_log":7,"minecraft:potato":2,"biomesoplenty:redwood_door":4,"minecraft:oak_log":2,"minecraft:gunpowder":2,"minecraft:dirt":1167,"tombstone:gift":1,"minecraft:bone":7,"minecraft:bow":1,"minecraft:wheat_seeds":140,"croptopia:tomato":1,"minecraft:sweet_berries":15,"minecraft:sand":337,"minecraft:blast_furnace":1,"minecraft:spruce_log":6,"alexsmobs:animal_dictionary":1,"minecraft:mossy_cobblestone":36,"minecraft:purple_bed":6,"biomemakeover:willow_sapling":70,"biomemakeover:willow_slab":6,"minecraft:oak_sapling":1,"minecraft:coal":66},"minecraft:custom":{"minecraft:mob_kills":12,"minecraft:animals_bred":6,"minecraft:interact_with_crafting_table":54,"minecraft:leave_game":8,"minecraft:time_since_death":218475,"minecraft:sprint_one_cm":423628,"minecraft:walk_one_cm":1366956,"minecraft:drop":14,"minecraft:play_time":291364,"minecraft:deaths":4,"minecraft:sneak_time":2749,"minecraft:walk_under_water_one_cm":12506,"minecraft:jump":2890,"minecraft:walk_on_water_one_cm":26910,"minecraft:total_world_time":291364,"minecraft:interact_with_furnace":9,"minecraft:sleep_in_bed":5,"minecraft:time_since_rest":14533,"minecraft:damage_taken":1427,"minecraft:damage_dealt":1590,"minecraft:swim_one_cm":22141,"minecraft:fly_one_cm":284167,"minecraft:open_chest":130,"minecraft:crouch_one_cm":6155,"tombstone:undead_killed":3,"minecraft:fall_one_cm":35965},"minecraft:mined":{"croptopia:pepper_crop":1,"minecraft:mossy_cobblestone":36,"biomemakeover:willow_slab":6,"minecraft:purple_candle":2,"biomesoplenty:bush":1,"biomesoplenty:redwood_pressure_plate":1,"minecraft:grass_block":962,"minecraft:spruce_leaves":2,"biomesoplenty:cattail":1,"biomemakeover:willow_planks":128,"minecraft:furnace":1,"minecraft:iron_ore":1,"biomesoplenty:redwood_door":4,"minecraft:potatoes":2,"biomesoplenty:redwood_log":158,"minecraft:stone":63,"biomesoplenty:redwood_planks":77,"biomemakeover:willow_sapling":17,"diagonalfences:biomesoplenty/redwood_fence":32,"minecraft:clay":27,"minecraft:crafting_table":9,"minecraft:blast_furnace":1,"minecraft:copper_ore":13,"minecraft:tall_grass":42,"minecraft:cobblestone":6,"biomesoplenty:huge_clover_petal":2,"minecraft:sugar_cane":29,"minecraft:wall_torch":12,"biomemakeover:willow_log":165,"minecraft:purple_bed":6,"biomesoplenty:redwood_slab":42,"minecraft:birch_log":7,"minecraft:wheat":28,"minecraft:spruce_log":6,"minecraft:pumpkin_stem":1,"minecraft:grass":739,"biomesoplenty:clover":17,"minecraft:oak_log":2,"minecraft:coal_ore":51,"croptopia:salt_ore":11,"minecraft:sand":337,"minecraft:dirt":204,"biomesoplenty:redwood_sapling":4,"biomesoplenty:redwood_wood":82,"minecraft:oak_leaves":3,"minecraft:fern":2,"biomemakeover:willow_leaves":2},"minecraft:dropped":{"minecraft:bread":5,"biomesoplenty:cattail":1,"minecraft:dirt":1,"minecraft:bone":4,"alexsmobs:animal_dictionary":1,"minecraft:rotten_flesh":39,"minecraft:arrow":10,"minecraft:wooden_pickaxe":1},"minecraft:killed_by":{"minecraft:skeleton":2,"minecraft:zombie":1}},"DataVersion":3465}