{"stats":{"minecraft:mined":{"biomesoplenty:clover":6},"minecraft:picked_up":{"tombstone:grave_dust":1,"alexsmobs:animal_dictionary":1,"tombstone:gift":1,"minecraft:bone":4,"securitycraft:reinforced_dark_prismarine_stairs":64,"minecraft:arrow":10,"minecraft:rotten_flesh":40},"minecraft:killed_by":{"minecraft:skeleton":2,"minecraft:zombie":1},"minecraft:custom":{"minecraft:time_since_rest":58555,"minecraft:sprint_one_cm":55480,"minecraft:damage_taken":838,"minecraft:walk_one_cm":313693,"minecraft:mob_kills":2,"minecraft:drop":10,"minecraft:damage_dealt":557,"minecraft:fly_one_cm":35424,"minecraft:crouch_one_cm":2099,"minecraft:play_time":72405,"tombstone:undead_killed":2,"minecraft:deaths":3,"minecraft:sneak_time":789,"minecraft:walk_under_water_one_cm":1613,"minecraft:jump":585,"minecraft:leave_game":2,"minecraft:time_since_death":58588,"minecraft:walk_on_water_one_cm":1114,"minecraft:total_world_time":72405,"minecraft:fall_one_cm":6625},"minecraft:killed":{"minecraft:zombie":2},"minecraft:used":{"littleframes:creative_pic_frame":1,"minecraft:dark_prismarine":9,"minecraft:netherite_sword":5,"mcwfurnituresbop:willow_modern_chair":24,"mcwfurnituresbop:magic_striped_chair":3,"mcwfurnituresbop:dead_chair":5,"minecraft:grass_block":9,"mcwfurnituresbop:magic_modern_chair":48,"mcwfurnitures:stripped_warped_modern_chair":1,"securitycraft:reinforced_dark_prismarine_stairs":111,"minecraft:red_carpet":90,"mcwfurnituresbop:hellbark_modern_chair":1,"mcwfurnituresbop:magic_chair":1,"tombstone:gift":7,"minecraft:spruce_fence":6,"mcwlights:shroomlight_slab":7,"minecraft:dark_prismarine_stairs":32},"minecraft:dropped":{"alexsmobs:animal_dictionary":1,"minecraft:rotten_flesh":39,"minecraft:arrow":10,"minecraft:bone":4}},"DataVersion":3465}