{"stats":{"minecraft:killed_by":{"minecraft:skeleton":2,"minecraft:zombie":1},"minecraft:picked_up":{"biomesoplenty:redwood_log":152,"minecraft:crafting_table":11,"minecraft:wheat":16,"minecraft:clay_ball":108,"croptopia:tomatillo_seed":2,"biomemakeover:willow_planks":127,"biomesoplenty:jacaranda_sapling":9,"croptopia:calamari":5,"minecraft:raw_copper":106,"biomesoplenty:tall_lavender":1,"biomesoplenty:redwood_slab":46,"croptopia:tomatillo":1,"croptopia:tomato_seed":2,"croptopia:pepper_seed":3,"biomemakeover:willow_log":157,"biomesoplenty:redwood_wood":82,"minecraft:sugar_cane":79,"minecraft:furnace":1,"minecraft:stick":75,"minecraft:raw_iron":2,"minecraft:torch":14,"minecraft:porkchop":11,"tombstone:grave_dust":2,"minecraft:purple_candle":5,"biomesoplenty:redwood_planks":72,"securitycraft:reinforced_dark_prismarine_stairs":64,"minecraft:arrow":14,"minecraft:rotten_flesh":44,"biomesoplenty:jacaranda_log":27,"biomesoplenty:redwood_pressure_plate":1,"biomesoplenty:cattail":1,"biomesoplenty:redwood_fence":32,"supplementaries:ash":2,"croptopia:pepper":1,"biomesoplenty:redwood_sapling":57,"croptopia:salt":38,"minecraft:mutton":4,"minecraft:white_wool":3,"minecraft:cobblestone":74,"biomesoplenty:lavender":1,"minecraft:birch_log":7,"minecraft:potato":2,"biomesoplenty:redwood_door":5,"minecraft:oak_log":2,"minecraft:gunpowder":2,"minecraft:dirt":1245,"tombstone:gift":1,"modernlife:bicycle_item":1,"minecraft:bone":7,"minecraft:stonecutter":2,"minecraft:bow":1,"minecraft:wheat_seeds":140,"minecraft:iron_ingot":4,"croptopia:tomato":1,"minecraft:sweet_berries":15,"minecraft:sand":339,"minecraft:ink_sac":10,"minecraft:blast_furnace":1,"minecraft:spruce_log":6,"alexsmobs:animal_dictionary":1,"minecraft:mossy_cobblestone":36,"minecraft:purple_bed":6,"biomemakeover:willow_sapling":70,"biomemakeover:willow_slab":6,"minecraft:oak_sapling":1,"minecraft:coal":118},"minecraft:used":{"minecraft:netherite_sword":5,"biomesoplenty:redwood_door":7,"minecraft:iron_shovel":250,"minecraft:armor_stand":1,"minecraft:stone_shovel":1187,"biomesoplenty:redwood_planks":193,"farmersdelight:cabbage_seeds":5,"biomemakeover:willow_sapling":20,"minecraft:chest":6,"biomesoplenty:redwood_pressure_plate":1,"mcwfurnitures:stripped_warped_modern_chair":1,"minecraft:stone_hoe":181,"minecraft:torch":26,"minecraft:dirt":381,"mcwfurnituresbop:hellbark_modern_chair":1,"biomemakeover:willow_slab":51,"biomesoplenty:redwood_fence":99,"mcwfurnituresbop:magic_chair":1,"minecraft:spruce_fence":6,"minecraft:wooden_axe":125,"mcwfurnituresbop:willow_modern_chair":24,"mcwfurnituresbop:dead_chair":5,"minecraft:grass_block":9,"biomesoplenty:tall_lavender":1,"mcwfurnituresbop:magic_modern_chair":48,"connectedglass:borderless_glass":10,"croptopia:pepper_seed":3,"connectedglass:borderless_glass_pane":48,"minecraft:red_carpet":90,"biomesoplenty:redwood_button":4,"minecraft:furnace":3,"tombstone:gift":7,"minecraft:potato":33,"biomemakeover:willow_stairs":14,"biomesoplenty:redwood_slab":122,"mcwlights:shroomlight_slab":7,"minecraft:dark_prismarine_stairs":32,"minecraft:wheat_seeds":36,"minecraft:water_bucket":7,"biomemakeover:willow_planks":496,"croptopia:tomatillo_seed":2,"biomesoplenty:redwood_fence_gate":3,"minecraft:stone_pickaxe":270,"biomesoplenty:redwood_sapling":8,"minecraft:wooden_pickaxe":3,"biomesoplenty:lavender":1,"minecraft:stonecutter":1,"minecraft:sand":3,"minecraft:crafting_table":13,"modernlife:glass_door":1,"minecraft:blast_furnace":1,"littleframes:creative_pic_frame":1,"minecraft:dark_prismarine":9,"mcwfurnituresbop:magic_striped_chair":3,"minecraft:bread":20,"croptopia:tomato_seed":2,"minecraft:spruce_sapling":1,"minecraft:stone_axe":662,"securitycraft:reinforced_dark_prismarine_stairs":111,"minecraft:cobblestone":1,"minecraft:purple_bed":6,"minecraft:cooked_porkchop":6,"minecraft:bucket":8,"minecraft:glass_pane":5,"biomesoplenty:redwood_stairs":8},"minecraft:custom":{"minecraft:mob_kills":17,"minecraft:animals_bred":6,"minecraft:interact_with_crafting_table":73,"minecraft:leave_game":9,"minecraft:time_since_death":281397,"minecraft:sprint_one_cm":581463,"minecraft:walk_one_cm":1590017,"minecraft:drop":14,"minecraft:play_time":354286,"minecraft:deaths":4,"minecraft:sneak_time":2922,"minecraft:walk_under_water_one_cm":25798,"minecraft:jump":3486,"minecraft:interact_with_blast_furnace":6,"minecraft:total_world_time":354286,"minecraft:walk_on_water_one_cm":40132,"minecraft:interact_with_furnace":47,"minecraft:interact_with_stonecutter":1,"minecraft:sleep_in_bed":7,"minecraft:time_since_rest":10896,"minecraft:damage_taken":1502,"minecraft:damage_dealt":2128,"minecraft:swim_one_cm":62749,"minecraft:fly_one_cm":383217,"minecraft:open_chest":203,"minecraft:crouch_one_cm":7005,"tombstone:undead_killed":3,"minecraft:fall_one_cm":41421},"minecraft:crafted":{"minecraft:black_dye":10,"biomemakeover:willow_stairs":16,"minecraft:smooth_stone":1,"minecraft:oak_planks":2,"minecraft:stone_shovel":10,"minecraft:furnace":2,"biomesoplenty:redwood_slab":114,"minecraft:stone":3,"connectedglass:borderless_glass":12,"minecraft:glass_pane":64,"biomemakeover:willow_planks":628,"minecraft:glass":336,"minecraft:stone_pickaxe":3,"minecraft:chest":6,"biomesoplenty:redwood_stairs":8,"minecraft:stone_hoe":2,"biomesoplenty:redwood_pressure_plate":1,"biomesoplenty:jacaranda_planks":1,"biomesoplenty:redwood_door":6,"minecraft:crafting_table":2,"biomesoplenty:redwood_planks":936,"minecraft:wooden_pickaxe":1,"biomesoplenty:redwood_fence":75,"biomesoplenty:redwood_fence_gate":3,"minecraft:copper_ingot":64,"minecraft:bucket":1,"connectedglass:borderless_glass_pane":56,"minecraft:birch_planks":7,"minecraft:stone_axe":6,"minecraft:air":41,"biomesoplenty:redwood_button":4,"modernlife:glass_door":1,"minecraft:stick":44,"biomemakeover:willow_slab":48,"minecraft:iron_ingot":2,"minecraft:wooden_axe":3,"minecraft:armor_stand":1,"minecraft:torch":12},"minecraft:killed":{"minecraft:spider":1,"minecraft:pig":4,"minecraft:creeper":1,"minecraft:squid":5,"minecraft:sheep":1,"minecraft:goat":1,"minecraft:zombie":2,"minecraft:stray":1},"minecraft:broken":{"minecraft:iron_shovel":1,"minecraft:stone_hoe":1,"minecraft:stone_pickaxe":2,"minecraft:stone_axe":5,"minecraft:wooden_axe":2,"minecraft:stone_shovel":9},"minecraft:dropped":{"minecraft:bread":5,"biomesoplenty:cattail":1,"minecraft:dirt":1,"minecraft:bone":4,"alexsmobs:animal_dictionary":1,"minecraft:rotten_flesh":39,"minecraft:arrow":10,"minecraft:wooden_pickaxe":1},"minecraft:mined":{"croptopia:pepper_crop":1,"minecraft:farmland":19,"minecraft:mossy_cobblestone":36,"biomemakeover:willow_slab":6,"minecraft:purple_candle":2,"biomesoplenty:bush":1,"biomesoplenty:redwood_pressure_plate":1,"minecraft:grass_block":969,"minecraft:spruce_leaves":2,"biomesoplenty:cattail":1,"biomemakeover:willow_planks":128,"minecraft:tall_seagrass":2,"biomesoplenty:jacaranda_log":27,"biomesoplenty:tall_lavender":1,"minecraft:furnace":1,"minecraft:iron_ore":2,"biomesoplenty:lavender":1,"biomesoplenty:redwood_door":5,"minecraft:potatoes":2,"biomesoplenty:redwood_log":158,"minecraft:stone":68,"biomesoplenty:redwood_planks":77,"minecraft:glass_pane":5,"biomemakeover:willow_sapling":17,"diagonalfences:biomesoplenty/redwood_fence":32,"minecraft:clay":27,"minecraft:crafting_table":11,"minecraft:blast_furnace":1,"minecraft:copper_ore":33,"minecraft:tall_grass":43,"minecraft:cobblestone":6,"biomesoplenty:huge_clover_petal":2,"minecraft:sugar_cane":29,"minecraft:wall_torch":12,"biomemakeover:willow_log":165,"minecraft:purple_bed":6,"biomesoplenty:redwood_slab":42,"minecraft:birch_log":7,"minecraft:wheat":28,"minecraft:spruce_log":6,"minecraft:pumpkin_stem":1,"minecraft:grass":741,"biomesoplenty:clover":17,"minecraft:coal_ore":103,"minecraft:oak_log":2,"croptopia:salt_ore":11,"minecraft:sand":339,"minecraft:dirt":256,"biomesoplenty:redwood_sapling":4,"minecraft:stonecutter":2,"biomesoplenty:redwood_wood":82,"minecraft:oak_leaves":3,"minecraft:fern":2,"biomemakeover:willow_leaves":2}},"DataVersion":3465}