{"stats":{"minecraft:mined":{"croptopia:pepper_crop":1,"minecraft:crafting_table":2,"minecraft:blast_furnace":1,"minecraft:grass_block":2,"biomesoplenty:huge_clover_petal":2,"biomesoplenty:cattail":1,"minecraft:sugar_cane":29,"minecraft:purple_bed":2,"minecraft:birch_log":7,"minecraft:iron_ore":1,"minecraft:wheat":28,"minecraft:pumpkin_stem":1,"minecraft:coal_ore":19,"minecraft:grass":5,"biomesoplenty:clover":17,"minecraft:potatoes":2,"minecraft:dirt":3,"minecraft:stone":4,"biomemakeover:willow_leaves":2},"minecraft:crafted":{"minecraft:crafting_table":1,"minecraft:wooden_pickaxe":1,"minecraft:birch_planks":2,"minecraft:air":9,"minecraft:stone_pickaxe":1},"minecraft:dropped":{"alexsmobs:animal_dictionary":1,"minecraft:rotten_flesh":39,"minecraft:arrow":10,"minecraft:wooden_pickaxe":1,"minecraft:bone":4},"minecraft:custom":{"minecraft:mob_kills":6,"minecraft:interact_with_crafting_table":5,"minecraft:leave_game":3,"minecraft:time_since_death":29861,"minecraft:time_since_rest":29624,"minecraft:sprint_one_cm":127396,"minecraft:damage_taken":1158,"minecraft:walk_one_cm":481213,"minecraft:drop":11,"minecraft:damage_dealt":967,"minecraft:swim_one_cm":14302,"minecraft:fly_one_cm":92687,"minecraft:open_chest":6,"minecraft:crouch_one_cm":2252,"minecraft:deaths":4,"minecraft:play_time":102750,"tombstone:undead_killed":2,"minecraft:sneak_time":946,"minecraft:walk_under_water_one_cm":3076,"minecraft:jump":1114,"minecraft:walk_on_water_one_cm":14634,"minecraft:total_world_time":102750,"minecraft:fall_one_cm":12864},"minecraft:killed_by":{"minecraft:skeleton":2,"minecraft:zombie":1},"minecraft:killed":{"minecraft:pig":4,"minecraft:zombie":2},"minecraft:used":{"minecraft:netherite_sword":5,"minecraft:stone_pickaxe":22,"minecraft:wooden_pickaxe":3,"mcwfurnitures:stripped_warped_modern_chair":1,"minecraft:dirt":4,"mcwfurnituresbop:hellbark_modern_chair":1,"minecraft:crafting_table":2,"mcwfurnituresbop:magic_chair":1,"minecraft:spruce_fence":6,"minecraft:dark_prismarine":9,"littleframes:creative_pic_frame":1,"mcwfurnituresbop:willow_modern_chair":24,"mcwfurnituresbop:magic_striped_chair":3,"minecraft:bread":7,"mcwfurnituresbop:dead_chair":5,"minecraft:grass_block":9,"mcwfurnituresbop:magic_modern_chair":48,"minecraft:red_carpet":90,"securitycraft:reinforced_dark_prismarine_stairs":111,"minecraft:cobblestone":1,"tombstone:gift":7,"mcwlights:shroomlight_slab":7,"minecraft:dark_prismarine_stairs":32},"minecraft:picked_up":{"minecraft:birch_log":7,"minecraft:crafting_table":2,"minecraft:wheat":16,"minecraft:potato":2,"minecraft:dirt":5,"tombstone:gift":1,"minecraft:bone":4,"minecraft:wheat_seeds":53,"croptopia:pepper_seed":3,"minecraft:sugar_cane":79,"minecraft:raw_iron":1,"minecraft:sweet_berries":15,"minecraft:porkchop":11,"tombstone:grave_dust":1,"minecraft:blast_furnace":1,"alexsmobs:animal_dictionary":1,"securitycraft:reinforced_dark_prismarine_stairs":64,"minecraft:arrow":10,"minecraft:purple_bed":2,"minecraft:rotten_flesh":41,"biomesoplenty:cattail":1,"croptopia:pepper":1,"supplementaries:ash":1,"minecraft:coal":19,"minecraft:cobblestone":4}},"DataVersion":3465}