{"stats":{"minecraft:mined":{"croptopia:pepper_crop":1,"biomesoplenty:redwood_planks":1,"minecraft:mossy_cobblestone":36,"biomemakeover:willow_sapling":17,"diagonalfences:biomesoplenty/redwood_fence":29,"minecraft:purple_candle":2,"minecraft:crafting_table":2,"minecraft:blast_furnace":1,"biomesoplenty:redwood_pressure_plate":1,"minecraft:grass_block":480,"minecraft:cobblestone":6,"minecraft:tall_grass":42,"biomesoplenty:huge_clover_petal":2,"biomesoplenty:cattail":1,"minecraft:sugar_cane":29,"biomemakeover:willow_log":165,"minecraft:purple_bed":2,"minecraft:birch_log":7,"minecraft:iron_ore":1,"minecraft:wheat":28,"minecraft:pumpkin_stem":1,"biomesoplenty:redwood_log":158,"minecraft:grass":729,"biomesoplenty:clover":17,"minecraft:potatoes":2,"minecraft:coal_ore":19,"minecraft:dirt":66,"biomesoplenty:redwood_sapling":4,"minecraft:stone":52,"biomesoplenty:redwood_wood":82,"minecraft:fern":2,"biomemakeover:willow_leaves":2},"minecraft:dropped":{"alexsmobs:animal_dictionary":1,"minecraft:rotten_flesh":39,"biomesoplenty:cattail":1,"minecraft:dirt":1,"minecraft:arrow":10,"minecraft:wooden_pickaxe":1,"minecraft:bone":4},"minecraft:crafted":{"biomesoplenty:redwood_pressure_plate":1,"minecraft:stone_shovel":2,"minecraft:crafting_table":1,"biomesoplenty:redwood_planks":936,"minecraft:wooden_pickaxe":1,"biomesoplenty:redwood_fence":75,"biomesoplenty:redwood_fence_gate":3,"minecraft:furnace":1,"minecraft:birch_planks":7,"minecraft:stone_axe":5,"minecraft:air":29,"biomemakeover:willow_planks":628,"minecraft:stick":12,"minecraft:stone_pickaxe":3,"minecraft:wooden_axe":1,"minecraft:chest":6},"minecraft:custom":{"minecraft:mob_kills":10,"minecraft:interact_with_crafting_table":29,"minecraft:leave_game":5,"minecraft:time_since_death":100372,"minecraft:sleep_in_bed":3,"minecraft:time_since_rest":12553,"minecraft:sprint_one_cm":242735,"minecraft:damage_taken":1158,"minecraft:walk_one_cm":828795,"minecraft:drop":13,"minecraft:damage_dealt":1407,"minecraft:swim_one_cm":14302,"minecraft:fly_one_cm":204672,"minecraft:open_chest":69,"minecraft:deaths":4,"minecraft:crouch_one_cm":2252,"tombstone:undead_killed":2,"minecraft:play_time":173261,"minecraft:sneak_time":967,"minecraft:walk_under_water_one_cm":3076,"minecraft:jump":2000,"minecraft:walk_on_water_one_cm":15251,"minecraft:total_world_time":173261,"minecraft:fall_one_cm":25518},"minecraft:killed_by":{"minecraft:skeleton":2,"minecraft:zombie":1},"minecraft:broken":{"minecraft:iron_shovel":1,"minecraft:stone_axe":2,"minecraft:wooden_axe":1},"minecraft:killed":{"minecraft:pig":4,"minecraft:creeper":1,"minecraft:sheep":1,"minecraft:goat":1,"minecraft:zombie":2},"minecraft:used":{"minecraft:netherite_sword":5,"minecraft:iron_shovel":250,"biomesoplenty:redwood_fence_gate":3,"biomesoplenty:redwood_planks":1,"minecraft:stone_shovel":218,"minecraft:stone_pickaxe":113,"biomesoplenty:redwood_sapling":8,"biomemakeover:willow_sapling":20,"minecraft:chest":6,"minecraft:wooden_pickaxe":3,"biomesoplenty:redwood_pressure_plate":1,"mcwfurnitures:stripped_warped_modern_chair":1,"minecraft:dirt":198,"mcwfurnituresbop:hellbark_modern_chair":1,"minecraft:crafting_table":3,"biomesoplenty:redwood_fence":84,"mcwfurnituresbop:magic_chair":1,"minecraft:spruce_fence":6,"minecraft:wooden_axe":64,"littleframes:creative_pic_frame":1,"minecraft:dark_prismarine":9,"mcwfurnituresbop:willow_modern_chair":24,"mcwfurnituresbop:magic_striped_chair":3,"minecraft:bread":13,"mcwfurnituresbop:dead_chair":5,"minecraft:grass_block":9,"mcwfurnituresbop:magic_modern_chair":48,"minecraft:spruce_sapling":1,"minecraft:stone_axe":398,"securitycraft:reinforced_dark_prismarine_stairs":111,"minecraft:red_carpet":90,"minecraft:cobblestone":1,"minecraft:purple_bed":2,"tombstone:gift":7,"mcwlights:shroomlight_slab":7,"minecraft:dark_prismarine_stairs":32},"minecraft:picked_up":{"biomesoplenty:redwood_log":152,"minecraft:birch_log":7,"minecraft:crafting_table":2,"minecraft:wheat":16,"minecraft:potato":2,"minecraft:gunpowder":2,"minecraft:dirt":547,"tombstone:gift":1,"minecraft:bone":4,"minecraft:wheat_seeds":137,"croptopia:tomato_seed":2,"croptopia:tomato":1,"croptopia:pepper_seed":3,"biomemakeover:willow_log":157,"biomesoplenty:redwood_wood":82,"minecraft:sugar_cane":79,"minecraft:stick":69,"minecraft:raw_iron":1,"minecraft:sweet_berries":15,"minecraft:porkchop":11,"tombstone:grave_dust":1,"minecraft:blast_furnace":1,"biomesoplenty:redwood_planks":1,"minecraft:purple_candle":5,"biomemakeover:willow_sapling":70,"alexsmobs:animal_dictionary":1,"minecraft:mossy_cobblestone":36,"minecraft:rotten_flesh":43,"securitycraft:reinforced_dark_prismarine_stairs":64,"minecraft:arrow":10,"minecraft:purple_bed":2,"biomesoplenty:redwood_pressure_plate":1,"biomesoplenty:redwood_fence":29,"biomesoplenty:cattail":1,"croptopia:pepper":1,"biomesoplenty:redwood_sapling":57,"supplementaries:ash":2,"minecraft:mutton":4,"minecraft:coal":19,"minecraft:white_wool":3,"minecraft:cobblestone":58}},"DataVersion":3465}