{"stats":{"minecraft:killed_by":{"minecraft:skeleton":1,"minecraft:zombie":1},"minecraft:dropped":{"minecraft:sugar_cane":3,"minecraft:wheat_seeds":5,"tombstone:grave_key":1,"minecraft:mutton":2,"minecraft:white_wool":1},"minecraft:picked_up":{"minecraft:azure_bluet":1,"minecraft:wheat_seeds":5,"biomemakeover:black_thistle":1,"minecraft:sugar_cane":3,"minecraft:mutton":2,"minecraft:dirt":5,"minecraft:white_wool":1},"minecraft:custom":{"minecraft:time_since_rest":889,"minecraft:play_time":42282,"minecraft:sprint_one_cm":27300,"minecraft:walk_one_cm":34570,"minecraft:damage_taken":475,"minecraft:deaths":2,"minecraft:walk_under_water_one_cm":993,"minecraft:mob_kills":1,"minecraft:drop":12,"minecraft:jump":256,"minecraft:damage_dealt":160,"minecraft:leave_game":5,"minecraft:walk_on_water_one_cm":757,"minecraft:time_since_death":0,"minecraft:total_world_time":42282,"minecraft:fall_one_cm":8989,"minecraft:fly_one_cm":34568},"minecraft:mined":{"minecraft:grass":36,"biomesoplenty:clover":31,"minecraft:grass_block":5,"minecraft:brown_mushroom_block":2,"biomemakeover:black_thistle":1,"biomesoplenty:huge_clover_petal":19,"minecraft:sugar_cane":1,"minecraft:azure_bluet":1},"minecraft:used":{"minecraft:dirt":5,"alexsmobs:animal_dictionary":1,"biomemakeover:black_thistle":1,"minecraft:azure_bluet":1},"minecraft:killed":{"minecraft:sheep":1}},"DataVersion":3465}