{"stats":{"minecraft:mined":{"biomemakeover:ancient_oak_leaves":1,"minecraft:azure_bluet":2,"minecraft:grass":39,"biomesoplenty:clover":34,"minecraft:grass_block":9,"minecraft:dirt":2,"minecraft:brown_mushroom_block":2,"biomemakeover:black_thistle":1,"minecraft:tall_grass":2,"biomesoplenty:huge_clover_petal":20,"minecraft:sugar_cane":1},"minecraft:dropped":{"minecraft:brown_mushroom":3,"minecraft:sugar_cane":3,"minecraft:wheat_seeds":5,"tombstone:grave_key":5,"minecraft:mutton":2,"tombstone:grave_dust":2,"minecraft:azure_bluet":1,"minecraft:white_wool":1,"minecraft:red_mushroom":1},"minecraft:custom":{"minecraft:time_since_rest":12372,"minecraft:sprint_one_cm":67283,"minecraft:damage_taken":1100,"minecraft:walk_one_cm":72311,"minecraft:mob_kills":1,"minecraft:drop":23,"minecraft:damage_dealt":260,"minecraft:swim_one_cm":235,"minecraft:fly_one_cm":147534,"minecraft:crouch_one_cm":4561,"minecraft:play_time":69983,"minecraft:deaths":6,"minecraft:sneak_time":846,"minecraft:walk_under_water_one_cm":3028,"minecraft:jump":645,"minecraft:leave_game":7,"minecraft:time_since_death":12775,"minecraft:walk_on_water_one_cm":1111,"minecraft:total_world_time":69983,"minecraft:fall_one_cm":23400},"minecraft:killed_by":{"minecraft:skeleton":2,"minecraft:creeper":1,"minecraft:zombie":1},"minecraft:killed":{"minecraft:sheep":1},"minecraft:used":{"minecraft:oak_log":2,"littleframes:creative_pic_frame":1,"minecraft:grass_block":2,"biomemakeover:black_thistle":1,"securitycraft:keypad_frame":3,"minecraft:item_frame":1,"minecraft:dirt":12,"tombstone:gift":3,"alexsmobs:animal_dictionary":1,"minecraft:azure_bluet":1},"minecraft:picked_up":{"minecraft:azure_bluet":3,"minecraft:brown_mushroom":3,"minecraft:red_mushroom":2,"biomemakeover:black_thistle":1,"tombstone:grave_key":1,"tombstone:grave_dust":2,"minecraft:dirt":11,"minecraft:item_frame":1,"minecraft:wheat_seeds":8,"minecraft:sugar_cane":3,"minecraft:mutton":2,"minecraft:white_wool":1}},"DataVersion":3465}