{"stats":{"minecraft:used":{"minecraft:dirt":5,"alexsmobs:animal_dictionary":1,"biomemakeover:black_thistle":1,"minecraft:azure_bluet":1},"minecraft:mined":{"minecraft:grass":4,"biomesoplenty:clover":1,"minecraft:grass_block":5,"minecraft:brown_mushroom_block":2,"biomemakeover:black_thistle":1,"biomesoplenty:huge_clover_petal":5,"minecraft:azure_bluet":1},"minecraft:dropped":{"minecraft:wheat_seeds":2,"minecraft:mutton":2,"minecraft:white_wool":1},"minecraft:picked_up":{"minecraft:azure_bluet":1,"minecraft:wheat_seeds":2,"biomemakeover:black_thistle":1,"minecraft:mutton":2,"minecraft:dirt":5,"minecraft:white_wool":1},"minecraft:killed":{"minecraft:sheep":1},"minecraft:custom":{"minecraft:time_since_rest":6401,"minecraft:play_time":6401,"minecraft:sprint_one_cm":15897,"minecraft:damage_taken":30,"minecraft:walk_one_cm":10793,"minecraft:walk_under_water_one_cm":670,"minecraft:mob_kills":1,"minecraft:drop":5,"minecraft:jump":124,"minecraft:damage_dealt":160,"minecraft:leave_game":2,"minecraft:walk_on_water_one_cm":176,"minecraft:time_since_death":6401,"minecraft:total_world_time":6401,"minecraft:fall_one_cm":5519,"minecraft:fly_one_cm":20763}},"DataVersion":3465}