{"stats":{"minecraft:picked_up":{"alexscaves:extinction_spear":1,"minecraft:dirt":2},"minecraft:mined":{"minecraft:grass":5,"biomesoplenty:clover":3,"minecraft:dirt":2,"biomesoplenty:huge_clover_petal":4},"minecraft:killed_by":{"minecraft:player":1},"minecraft:custom":{"minecraft:time_since_rest":12789,"minecraft:crouch_one_cm":3671,"minecraft:play_time":33370,"minecraft:sprint_one_cm":42035,"minecraft:damage_taken":555,"minecraft:deaths":2,"minecraft:walk_one_cm":129005,"minecraft:sneak_time":928,"minecraft:walk_under_water_one_cm":9203,"minecraft:drop":2,"minecraft:jump":905,"minecraft:damage_dealt":136,"minecraft:leave_game":2,"minecraft:walk_on_water_one_cm":59,"minecraft:time_since_death":15188,"minecraft:total_world_time":33370,"minecraft:swim_one_cm":5428,"minecraft:player_kills":1,"minecraft:fall_one_cm":8311,"minecraft:fly_one_cm":44167},"minecraft:used":{"minecraft:dirt":2,"minecraft:bread":1,"alexscaves:extinction_spear":3},"minecraft:dropped":{"tombstone:grave_key":1,"alexscaves:extinction_spear":1}},"DataVersion":3465}