{"stats":{"minecraft:mined":{"minecraft:dark_oak_planks":7,"minecraft:spruce_planks":12,"minecraft:mossy_cobblestone":10,"minecraft:dark_oak_leaves":2,"minecraft:dark_oak_log":19,"minecraft:jack_o_lantern":1,"minecraft:spruce_door":1,"minecraft:carved_pumpkin":3,"minecraft:crafting_table":3,"minecraft:torch":1,"biomemakeover:itching_ivy":2,"minecraft:grass_block":59,"biomesoplenty:fir_planks":6,"mcwroofs:birch_planks_roof":9,"mcwroofs:birch_attic_roof":4,"minecraft:copper_ore":5,"minecraft:tall_grass":1,"minecraft:cobblestone":1,"biomesoplenty:sprout":2,"biomesoplenty:huge_clover_petal":20,"minecraft:wall_torch":4,"minecraft:blue_bed":1,"minecraft:spawner":1,"minecraft:birch_planks":15,"minecraft:dark_oak_door":1,"minecraft:birch_log":50,"minecraft:white_carpet":3,"minecraft:birch_leaves":1,"minecraft:pumpkin":3,"biomesoplenty:fir_log":21,"minecraft:grass":107,"biomesoplenty:clover":74,"minecraft:coal_ore":41,"minecraft:oak_log":6,"diagonalfences:mcwfences/birch_picket_fence":1,"minecraft:purple_carpet":3,"minecraft:loom":2,"minecraft:sand":41,"minecraft:dirt":22,"minecraft:stone":88,"minecraft:oak_leaves":1,"minecraft:iron_trapdoor":1,"minecraft:fern":1},"minecraft:dropped":{"tombstone:grave_key":1,"alexscaves:extinction_spear":1},"minecraft:crafted":{"minecraft:wooden_sword":2,"minecraft:oak_planks":20,"minecraft:stone_shovel":1,"minecraft:crafting_table":3,"minecraft:spruce_planks":16,"minecraft:cooked_chicken":3,"minecraft:dark_oak_wood":6,"minecraft:wooden_pickaxe":2,"macawsroofsbop:fir_planks_roof":10,"minecraft:furnace":1,"minecraft:oak_wood":3,"minecraft:birch_planks":128,"mcwroofs:birch_attic_roof":12,"biomesoplenty:fir_planks":76,"minecraft:dark_oak_door":3,"minecraft:glass":28,"mcwfences:birch_picket_fence":3,"minecraft:stick":24,"minecraft:stone_pickaxe":1,"minecraft:wooden_axe":2,"minecraft:chest":2,"minecraft:birch_door":3,"minecraft:dark_oak_planks":64,"minecraft:torch":32,"mcwroofs:birch_planks_roof":18},"minecraft:custom":{"minecraft:interact_with_furnace":26,"minecraft:mob_kills":8,"minecraft:interact_with_crafting_table":26,"minecraft:interact_with_loom":2,"minecraft:leave_game":3,"minecraft:time_since_death":16504,"minecraft:sleep_in_bed":2,"minecraft:time_since_rest":16299,"minecraft:waystone_activated":1,"minecraft:sprint_one_cm":180458,"minecraft:damage_taken":3192,"minecraft:walk_one_cm":537666,"minecraft:drop":2,"minecraft:damage_dealt":1309,"minecraft:swim_one_cm":20240,"minecraft:fly_one_cm":140694,"minecraft:player_kills":1,"minecraft:open_chest":26,"minecraft:crouch_one_cm":6483,"minecraft:play_time":127830,"tombstone:undead_killed":1,"minecraft:deaths":9,"minecraft:sneak_time":2184,"minecraft:walk_under_water_one_cm":19432,"minecraft:jump":2374,"minecraft:walk_on_water_one_cm":65818,"minecraft:total_world_time":127830,"minecraft:fall_one_cm":35614},"minecraft:killed_by":{"minecraft:player":1,"minecraft:skeleton":4,"minecraft:creeper":1,"minecraft:zombie":2},"minecraft:broken":{"minecraft:stone_pickaxe":1,"minecraft:wooden_axe":2},"minecraft:killed":{"minecraft:goat":3,"minecraft:zombie":1,"minecraft:chicken":3},"minecraft:used":{"minecraft:birch_planks":40,"minecraft:carved_pumpkin":2,"minecraft:stone_shovel":61,"minecraft:stone_pickaxe":133,"mcwfences:birch_picket_fence":3,"minecraft:chest":2,"minecraft:spruce_planks":19,"minecraft:wooden_pickaxe":45,"biomesoplenty:fir_planks":72,"mcwroofs:birch_planks_roof":25,"minecraft:blue_bed":1,"minecraft:cooked_chicken":3,"minecraft:torch":23,"minecraft:dirt":88,"minecraft:sand":7,"minecraft:white_carpet":3,"macawsroofsbop:fir_planks_roof":10,"minecraft:crafting_table":6,"minecraft:loom":1,"minecraft:dark_oak_door":3,"minecraft:glass":19,"minecraft:birch_door":2,"waystones:waystone":1,"minecraft:dark_oak_planks":42,"minecraft:wooden_axe":226,"mcwroofs:birch_attic_roof":4,"minecraft:bread":15,"alexscaves:extinction_spear":3,"minecraft:wooden_sword":48,"minecraft:cobblestone":73,"minecraft:furnace":1,"tombstone:gift":4,"minecraft:purple_carpet":3},"minecraft:picked_up":{"minecraft:birch_log":50,"minecraft:crafting_table":3,"minecraft:feather":3,"minecraft:chicken":3,"minecraft:iron_trapdoor":1,"minecraft:birch_planks":40,"biomesoplenty:fir_log":23,"mcwroofs:birch_attic_roof":3,"minecraft:oak_log":6,"minecraft:blue_bed":1,"minecraft:dirt":91,"minecraft:raw_copper":16,"minecraft:white_carpet":3,"minecraft:purple_carpet":3,"minecraft:wheat_seeds":10,"alexscaves:extinction_spear":1,"biomesoplenty:fir_planks":6,"minecraft:spruce_planks":12,"minecraft:birch_sapling":19,"minecraft:dark_oak_door":1,"minecraft:stick":13,"minecraft:pumpkin":3,"minecraft:torch":5,"minecraft:sand":38,"minecraft:loom":2,"minecraft:dark_oak_log":18,"minecraft:spruce_door":1,"minecraft:mossy_cobblestone":8,"minecraft:dark_oak_planks":42,"minecraft:rotten_flesh":4,"waystones:waystone":1,"minecraft:carved_pumpkin":3,"mcwroofs:birch_planks_roof":9,"minecraft:jack_o_lantern":1,"minecraft:coal":41,"minecraft:cobblestone":89,"mcwfences:birch_picket_fence":1}},"DataVersion":3465}