{"stats":{"minecraft:mined":{"minecraft:dark_oak_planks":5,"minecraft:mossy_cobblestone":10,"minecraft:dark_oak_leaves":2,"minecraft:dark_oak_log":19,"minecraft:jack_o_lantern":1,"minecraft:carved_pumpkin":1,"minecraft:crafting_table":3,"biomemakeover:itching_ivy":2,"minecraft:grass_block":58,"biomesoplenty:fir_planks":3,"minecraft:tall_grass":1,"minecraft:cobblestone":1,"biomesoplenty:sprout":2,"biomesoplenty:huge_clover_petal":4,"minecraft:spawner":1,"minecraft:birch_leaves":1,"minecraft:pumpkin":3,"biomesoplenty:fir_log":4,"minecraft:grass":73,"biomesoplenty:clover":3,"minecraft:oak_log":6,"minecraft:coal_ore":1,"minecraft:sand":9,"minecraft:dirt":21,"minecraft:stone":16,"minecraft:oak_leaves":1,"minecraft:iron_trapdoor":1,"minecraft:fern":1},"minecraft:dropped":{"tombstone:grave_key":1,"alexscaves:extinction_spear":1},"minecraft:crafted":{"minecraft:wooden_sword":2,"minecraft:oak_planks":8,"minecraft:stone_shovel":1,"minecraft:crafting_table":2,"minecraft:dark_oak_wood":6,"minecraft:wooden_pickaxe":2,"minecraft:oak_wood":3,"biomesoplenty:fir_planks":16,"minecraft:dark_oak_door":3,"minecraft:stick":12,"minecraft:stone_pickaxe":1,"minecraft:wooden_axe":2,"minecraft:dark_oak_planks":64},"minecraft:custom":{"minecraft:mob_kills":7,"minecraft:interact_with_crafting_table":6,"minecraft:leave_game":2,"minecraft:time_since_death":44378,"minecraft:time_since_rest":41979,"minecraft:sprint_one_cm":90981,"minecraft:damage_taken":755,"minecraft:walk_one_cm":259920,"minecraft:drop":2,"minecraft:damage_dealt":657,"minecraft:swim_one_cm":7778,"minecraft:fly_one_cm":81274,"minecraft:player_kills":1,"minecraft:crouch_one_cm":5088,"minecraft:play_time":62560,"minecraft:deaths":2,"minecraft:sneak_time":1451,"minecraft:walk_under_water_one_cm":14828,"minecraft:jump":1525,"minecraft:walk_on_water_one_cm":7233,"minecraft:total_world_time":62560,"minecraft:fall_one_cm":23758},"minecraft:killed_by":{"minecraft:player":1},"minecraft:killed":{"minecraft:goat":3,"minecraft:chicken":3},"minecraft:used":{"minecraft:stone_shovel":60,"minecraft:stone_pickaxe":10,"minecraft:wooden_pickaxe":33,"biomesoplenty:fir_planks":17,"minecraft:dirt":44,"minecraft:crafting_table":5,"minecraft:wooden_axe":64,"minecraft:dark_oak_planks":38,"minecraft:bread":8,"alexscaves:extinction_spear":3,"minecraft:wooden_sword":38,"minecraft:cobblestone":13},"minecraft:picked_up":{"minecraft:crafting_table":3,"minecraft:feather":3,"minecraft:chicken":3,"minecraft:iron_trapdoor":1,"biomesoplenty:fir_log":8,"minecraft:oak_log":6,"minecraft:dirt":74,"alexscaves:extinction_spear":1,"minecraft:wheat_seeds":7,"biomesoplenty:fir_planks":3,"minecraft:stick":4,"minecraft:pumpkin":3,"minecraft:sand":9,"minecraft:dark_oak_log":18,"minecraft:mossy_cobblestone":8,"minecraft:dark_oak_planks":40,"minecraft:carved_pumpkin":1,"minecraft:jack_o_lantern":1,"minecraft:coal":1,"minecraft:cobblestone":17}},"DataVersion":3465}