{"stats":{"minecraft:mined":{"minecraft:grass":5,"biomesoplenty:clover":3},"minecraft:dropped":{"tombstone:grave_key":1,"minecraft:item_frame":1},"minecraft:custom":{"minecraft:time_since_rest":12885,"minecraft:crouch_one_cm":874,"minecraft:play_time":27648,"minecraft:sprint_one_cm":28516,"minecraft:deaths":3,"minecraft:damage_taken":810,"minecraft:walk_one_cm":83577,"minecraft:sneak_time":623,"minecraft:walk_under_water_one_cm":432,"minecraft:mob_kills":5,"minecraft:drop":2,"minecraft:jump":386,"minecraft:damage_dealt":311,"minecraft:leave_game":2,"minecraft:walk_on_water_one_cm":3624,"minecraft:time_since_death":14953,"minecraft:total_world_time":27648,"minecraft:fall_one_cm":4386,"minecraft:fly_one_cm":93780},"minecraft:killed_by":{"minecraft:skeleton":1,"minecraft:creeper":1},"minecraft:used":{"minecraft:grass_block":1,"tombstone:gift":2,"minecraft:egg":1},"minecraft:killed":{"minecraft:sheep":5},"minecraft:picked_up":{"minecraft:wheat_seeds":2,"minecraft:gray_wool":1,"minecraft:black_wool":1,"minecraft:mutton":7,"minecraft:white_wool":3,"minecraft:egg":4}},"DataVersion":3465}