{"stats":{"minecraft:killed_by":{"minecraft:skeleton":1,"minecraft:creeper":1},"minecraft:dropped":{"tombstone:grave_key":1,"minecraft:item_frame":1},"minecraft:picked_up":{"minecraft:wheat_seeds":2,"minecraft:gray_wool":1,"minecraft:black_wool":1,"minecraft:mutton":7,"minecraft:white_wool":3,"minecraft:egg":4},"minecraft:custom":{"minecraft:time_since_rest":10106,"minecraft:crouch_one_cm":275,"minecraft:play_time":24869,"minecraft:sprint_one_cm":24983,"minecraft:deaths":3,"minecraft:damage_taken":810,"minecraft:walk_one_cm":72854,"minecraft:sneak_time":388,"minecraft:walk_under_water_one_cm":432,"minecraft:mob_kills":5,"minecraft:drop":2,"minecraft:jump":314,"minecraft:damage_dealt":311,"minecraft:leave_game":2,"minecraft:time_since_death":12174,"minecraft:walk_on_water_one_cm":3624,"minecraft:total_world_time":24869,"minecraft:fall_one_cm":4386,"minecraft:fly_one_cm":89489},"minecraft:mined":{"minecraft:grass":5,"biomesoplenty:clover":3},"minecraft:used":{"minecraft:grass_block":1,"tombstone:gift":2,"minecraft:egg":1},"minecraft:killed":{"minecraft:sheep":5}},"DataVersion":3465}