{"stats":{"minecraft:broken":{"minecraft:stone_pickaxe":1,"minecraft:stone_axe":1,"moreusefulcopper:copper_axe":2,"minecraft:stone_shovel":1,"moreusefulcopper:copper_pickaxe":2},"minecraft:crafted":{"moreusefulcopper:copper_chestplate":1,"macawsroofsbop:jacaranda_planks_roof":168,"minecraft:stone_shovel":1,"moreusefulcopper:copper_shovel":1,"mcwlights:birch_tiki_torch":2,"biomemakeover:ancient_oak_planks":37,"ageofweapons:blank_template":9,"minecraft:birch_boat":1,"minecraft:cooked_chicken":2,"minecraft:furnace":2,"moreusefulcopper:copper_axe":3,"minecraft:stone":56,"minecraft:bone_meal":1,"minecraft:cooked_mutton":15,"moreusefulcopper:copper_pickaxe":4,"moreusefulcopper:copper_helmet":1,"moreusefulcopper:copper_leggings":1,"mcwfences:wooden_cheval_de_frise":4,"sophisticatedbackpacks:copper_backpack":1,"morebowsandarrows:copper_bow":1,"minecraft:stone_pickaxe":1,"minecraft:chest":5,"minecraft:stone_hoe":1,"minecraft:cooked_beef":8,"cfm:birch_park_bench":4,"ironchest:wood_to_copper_chest_upgrade":5,"ageofweapons:katana_template":1,"sophisticatedbackpacks:backpack":1,"biomesoplenty:jacaranda_planks":72,"minecraft:cooked_porkchop":1,"minecraft:crafting_table":3,"minecraft:wooden_pickaxe":1,"minecraft:copper_ingot":233,"minecraft:bucket":1,"minecraft:birch_planks":86,"minecraft:campfire":4,"comforts:sleeping_bag_black":1,"minecraft:stone_axe":2,"minecraft:air":669,"biomesoplenty:jacaranda_fence":12,"minecraft:paper":6,"croptopia:tomato_seed":3,"minecraft:charcoal":17,"minecraft:shield":1,"ageofweapons:hammer":1,"minecraft:birch_fence":18,"newshieldvariants:stone_shield":1,"minecraft:stick":106,"moreusefulcopper:copper_boots":1,"minecraft:iron_ingot":3,"minecraft:stone_sword":1,"minecraft:stonecutter":1,"minecraft:white_bed":2,"hunters_return:boomerang":3,"minecraft:torch":17},"minecraft:killed":{"alexsmobs:raccoon":1,"biomemakeover:rootling":1,"minecraft:spider":12,"minecraft:horse":8,"minecraft:skeleton":2,"alexsmobs:bison":2,"hunters_return:hunter":2,"minecraft:iron_golem":1,"minecraft:creeper":4,"minecraft:sheep":7,"minecraft:zombie":8,"minecraft:enderman":1,"minecraft:cow":8},"minecraft:picked_up":{"minecraft:charcoal":8,"minecraft:crafting_table":11,"minecraft:wheat":1,"minecraft:azure_bluet":1,"minecraft:chicken":2,"croptopia:peach":2,"biomemakeover:ancient_oak_log":37,"biomesoplenty:jacaranda_sapling":32,"tombstone:grave_key":1,"biomemakeover:magenta_tapestry":6,"minecraft:cornflower":1,"biomesoplenty:jacaranda_fence":3,"minecraft:string":12,"minecraft:raw_copper":454,"minecraft:birch_fence":3,"mcwlights:birch_tiki_torch":5,"comforts:sleeping_bag_black":7,"biomemakeover:ancient_oak_sapling":3,"minecraft:cobbled_deepslate":327,"minecraft:beef":37,"cfm:birch_park_bench":7,"minecraft:poppy":2,"minecraft:sugar_cane":7,"minecraft:chest":6,"minecraft:birch_sapling":11,"minecraft:raw_iron":7,"minecraft:stick":28,"croptopia:corn_seed":2,"ageofweapons:blank_template":8,"minecraft:copper_ingot":40,"minecraft:torch":15,"minecraft:porkchop":1,"farmersdelight:tomato_seeds":5,"tombstone:grave_dust":1,"minecraft:diorite":33,"biomemakeover:black_tapestry":6,"minecraft:stone_sword":1,"minecraft:arrow":13,"minecraft:rotten_flesh":10,"biomesoplenty:jacaranda_log":88,"minecraft:decorated_pot":1,"farmersdelight:onion":1,"mcwfences:wooden_cheval_de_frise":4,"sophisticatedbackpacks:copper_backpack":1,"minecraft:mutton":15,"minecraft:oxeye_daisy":2,"minecraft:white_wool":11,"minecraft:cobblestone":237,"minecraft:birch_log":132,"minecraft:cooked_beef":28,"minecraft:andesite":1,"minecraft:leather":17,"ironchest:copper_chest":5,"minecraft:potato":11,"alexsmobs:bison_fur":2,"minecraft:flint":1,"minecraft:oak_log":69,"biomesoplenty:jacaranda_planks":88,"minecraft:gunpowder":2,"farmersdelight:tomato":3,"minecraft:lapis_lazuli":51,"minecraft:paper":3,"minecraft:dirt":340,"minecraft:apple":1,"minecraft:bone":4,"macawsroofsbop:jacaranda_planks_roof":66,"croptopia:corn":1,"minecraft:stone_bricks":6,"supplementaries:goblet":1,"minecraft:wheat_seeds":29,"minecraft:iron_ingot":5,"minecraft:book":2,"croptopia:apricot":9,"minecraft:birch_boat":1,"biomemakeover:ancient_oak_planks":4,"minecraft:dandelion":6,"minecraft:gravel":31,"minecraft:sand":50,"biomemakeover:rootling_seeds":1,"minecraft:white_bed":8,"minecraft:spider_eye":4,"alexsmobs:animal_dictionary":1,"minecraft:mossy_cobblestone":1,"minecraft:bundle":1,"minecraft:stone_axe":1,"croptopia:orange":1,"minecraft:granite":4,"minecraft:bone_meal":1,"minecraft:bread":5,"minecraft:emerald":1,"minecraft:baked_potato":3,"minecraft:oak_sapling":22,"minecraft:black_wool":3,"minecraft:coal":105,"minecraft:ender_pearl":1},"minecraft:used":{"more_beautiful_torches:verdant_froglight_torch":3,"biomesoplenty:clover":1,"minecraft:stone_sword":66,"minecraft:stone_shovel":133,"sophisticatedbackpacks:copper_backpack":1,"minecraft:chest":8,"minecraft:decorated_pot":1,"minecraft:shield":4,"minecraft:cooked_chicken":2,"morebowsandarrows:copper_bow":12,"minecraft:stone_hoe":26,"supplementaries:sconce":2,"mcwlights:soul_birch_tiki_torch":1,"minecraft:torch":53,"supplementaries:globe":1,"minecraft:dirt":27,"mcwfences:wooden_cheval_de_frise":8,"minecraft:spruce_fence":25,"minecraft:shroomlight":2,"biomemakeover:magenta_tapestry":6,"minecraft:grass_block":64,"supplementaries:goblet":1,"cfm:birch_park_bench":11,"biomemakeover:ancient_oak_planks":4,"biomemakeover:black_tapestry":6,"minecraft:furnace":2,"minecraft:oak_sapling":1,"tombstone:gift":5,"biomesoplenty:jacaranda_fence":3,"minecraft:cooked_beef":17,"minecraft:potato":6,"farmersdelight:tomato_seeds":3,"mcwlights:shroomlight_slab":24,"minecraft:wheat_seeds":15,"minecraft:cooked_mutton":12,"minecraft:water_bucket":9,"minecraft:stone_pickaxe":132,"comforts:sleeping_bag_black":6,"minecraft:birch_boat":2,"minecraft:wooden_pickaxe":25,"croptopia:corn_seed":2,"macawsroofsbop:jacaranda_planks_roof":186,"minecraft:stonecutter":1,"ironchest:wood_to_copper_chest_upgrade":3,"mcwlights:birch_tiki_torch":7,"minecraft:white_wool":3,"farmersdelight:onion":2,"minecraft:sand":2,"ironchest:copper_chest":5,"minecraft:crafting_table":13,"minecraft:campfire":4,"minecraft:white_bed":9,"minecraft:painting":1,"croptopia:orange":1,"biomesoplenty:jacaranda_planks":92,"minecraft:birch_fence":19,"minecraft:oak_log":4,"littleframes:creative_pic_frame":10,"minecraft:light":11,"minecraft:bread":24,"croptopia:tomato_seed":3,"newshieldvariants:stone_shield":14,"minecraft:stone_axe":149,"moreusefulcopper:copper_pickaxe":727,"minecraft:cobblestone":25,"moreusefulcopper:copper_axe":596,"majruszsdifficulty:undead_battle_standard":1,"minecraft:cooked_porkchop":1,"minecraft:bucket":10,"minecraft:birch_log":95,"biomemakeover:rootling_seeds":1,"minecraft:bone_meal":4,"moreusefulcopper:copper_shovel":232,"croptopia:corn":1},"minecraft:custom":{"minecraft:mob_kills":57,"minecraft:interact_with_crafting_table":139,"minecraft:open_barrel":2,"minecraft:interact_with_campfire":31,"minecraft:leave_game":10,"minecraft:time_since_death":124356,"minecraft:climb_one_cm":874,"minecraft:sprint_one_cm":898665,"minecraft:walk_one_cm":662692,"minecraft:damage_blocked_by_shield":795,"minecraft:drop":62,"minecraft:talked_to_villager":3,"minecraft:play_time":385699,"minecraft:deaths":7,"minecraft:sneak_time":33212,"minecraft:walk_under_water_one_cm":10830,"minecraft:jump":7276,"minecraft:walk_on_water_one_cm":26783,"minecraft:total_world_time":385699,"minecraft:interact_with_furnace":83,"tombstone:raider_killed":2,"minecraft:interact_with_stonecutter":6,"minecraft:sleep_in_bed":19,"minecraft:time_since_rest":492,"minecraft:damage_taken":3503,"minecraft:damage_dealt":10280,"minecraft:swim_one_cm":61353,"minecraft:fly_one_cm":1729328,"minecraft:open_chest":71,"minecraft:crouch_one_cm":159116,"tombstone:undead_killed":10,"minecraft:fall_one_cm":161962,"minecraft:horse_one_cm":579},"minecraft:mined":{"biomemakeover:magenta_wall_tapestry":2,"minecraft:white_bed":8,"minecraft:oak_sapling":1,"minecraft:mossy_cobblestone":1,"biomemakeover:ancient_oak_log":61,"minecraft:dark_oak_leaves":4,"biomemakeover:ancient_oak_planks":4,"mcwlights:birch_tiki_torch":3,"minecraft:granite":4,"biomesoplenty:bush":9,"minecraft:grass_block":300,"minecraft:decorated_pot":1,"cfm:birch_park_bench":7,"ironchest:copper_chest":5,"minecraft:oxeye_daisy":1,"diagonalfences:biomesoplenty/jacaranda_fence":3,"biomesoplenty:jacaranda_log":111,"diagonalfences:minecraft/birch_fence":3,"diagonalfences:mcwfences/wooden_cheval_de_frise":4,"minecraft:iron_ore":3,"minecraft:fire":1,"croptopia:corn_crop":1,"minecraft:andesite":1,"macawsroofsbop:jacaranda_planks_roof":66,"minecraft:deepslate_iron_ore":4,"minecraft:potatoes":2,"minecraft:dirt_path":1,"minecraft:stone":224,"minecraft:white_wool":3,"sophisticatedbackpacks:copper_backpack":1,"minecraft:podzol":2,"biomesoplenty:jacaranda_planks":88,"biomemakeover:ivy":2,"minecraft:dandelion":3,"minecraft:crafting_table":11,"biomemakeover:black_wall_tapestry":1,"minecraft:torch":5,"minecraft:chest":6,"minecraft:white_stained_glass_pane":2,"minecraft:campfire":4,"minecraft:copper_ore":120,"minecraft:tall_grass":3,"minecraft:cobblestone":13,"biomesoplenty:sprout":9,"minecraft:lapis_ore":8,"minecraft:sugar_cane":3,"minecraft:diorite":33,"minecraft:wall_torch":6,"minecraft:deepslate_copper_ore":16,"biomemakeover:mesmerite":1,"biomemakeover:black_tapestry":4,"minecraft:wheat":2,"minecraft:birch_log":136,"biomemakeover:magenta_tapestry":4,"minecraft:birch_leaves":1,"minecraft:black_wool":3,"minecraft:grass":142,"biomesoplenty:clover":11,"minecraft:oak_log":67,"minecraft:coal_ore":105,"minecraft:gravel":32,"minecraft:sand":50,"minecraft:dirt":20,"minecraft:cobweb":1,"minecraft:stone_bricks":6,"minecraft:oak_leaves":3,"minecraft:deepslate":328,"minecraft:fern":3},"minecraft:dropped":{"farmersdelight:tomato_seeds":2,"minecraft:stone_hoe":1,"biomesoplenty:jacaranda_sapling":32,"minecraft:wheat_seeds":11,"minecraft:mossy_cobblestone":1,"minecraft:book":1,"minecraft:copper_ingot":40,"alexsmobs:bison_fur":2,"croptopia:apricot":9,"minecraft:oxeye_daisy":2,"minecraft:cornflower":1,"tombstone:grave_dust":1,"minecraft:paper":3,"minecraft:string":1,"minecraft:dandelion":5,"minecraft:bone":1,"minecraft:stone_axe":2,"minecraft:sugar_cane":1,"minecraft:stone_sword":2,"minecraft:birch_sapling":11,"minecraft:rotten_flesh":6,"minecraft:azure_bluet":1,"minecraft:white_bed":1,"minecraft:poppy":2,"minecraft:potato":2,"supplementaries:goblet":1,"minecraft:andesite":1,"minecraft:spider_eye":2,"minecraft:stone_bricks":6,"minecraft:oak_sapling":19,"minecraft:wooden_pickaxe":1,"croptopia:peach":2,"comforts:sleeping_bag_black":1},"minecraft:killed_by":{"minecraft:zombie_villager":1,"minecraft:spider":1,"alexsmobs:bison":1,"minecraft:skeleton":1,"minecraft:zombie":1}},"DataVersion":3465}