{"stats":{"minecraft:crafted":{"moreusefulcopper:copper_chestplate":1,"minecraft:stone_shovel":1,"biomemakeover:ancient_oak_planks":19,"minecraft:cooked_chicken":2,"minecraft:furnace":2,"moreusefulcopper:copper_axe":1,"minecraft:stone":3,"minecraft:bone_meal":1,"minecraft:cooked_mutton":15,"moreusefulcopper:copper_pickaxe":2,"moreusefulcopper:copper_helmet":1,"moreusefulcopper:copper_leggings":1,"mcwfences:wooden_cheval_de_frise":4,"sophisticatedbackpacks:copper_backpack":1,"morebowsandarrows:copper_bow":1,"minecraft:stone_pickaxe":1,"minecraft:chest":1,"minecraft:stone_hoe":1,"minecraft:cooked_beef":8,"ironchest:wood_to_copper_chest_upgrade":1,"sophisticatedbackpacks:backpack":1,"minecraft:cooked_porkchop":1,"minecraft:crafting_table":3,"minecraft:wooden_pickaxe":1,"minecraft:copper_ingot":55,"minecraft:bucket":1,"minecraft:birch_planks":42,"minecraft:campfire":4,"comforts:sleeping_bag_black":1,"minecraft:stone_axe":2,"minecraft:air":181,"croptopia:tomato_seed":3,"minecraft:paper":6,"minecraft:charcoal":17,"minecraft:shield":1,"newshieldvariants:stone_shield":1,"minecraft:stick":66,"minecraft:stonecutter":1,"moreusefulcopper:copper_boots":1,"minecraft:iron_ingot":3,"minecraft:stone_sword":1,"minecraft:white_bed":2,"hunters_return:boomerang":3,"minecraft:torch":17},"minecraft:custom":{"minecraft:mob_kills":54,"minecraft:interact_with_crafting_table":104,"minecraft:open_barrel":2,"minecraft:interact_with_campfire":31,"minecraft:leave_game":8,"minecraft:time_since_death":47559,"minecraft:climb_one_cm":874,"minecraft:sprint_one_cm":730944,"minecraft:walk_one_cm":471647,"minecraft:damage_blocked_by_shield":795,"minecraft:drop":41,"minecraft:talked_to_villager":3,"minecraft:play_time":308902,"minecraft:deaths":7,"minecraft:sneak_time":16274,"minecraft:walk_under_water_one_cm":9278,"minecraft:jump":6206,"minecraft:walk_on_water_one_cm":22895,"minecraft:total_world_time":308902,"minecraft:interact_with_furnace":67,"tombstone:raider_killed":2,"minecraft:sleep_in_bed":13,"minecraft:time_since_rest":11797,"minecraft:damage_taken":3317,"minecraft:damage_dealt":9538,"minecraft:swim_one_cm":49874,"minecraft:fly_one_cm":1512466,"minecraft:open_chest":36,"minecraft:crouch_one_cm":70438,"tombstone:undead_killed":10,"minecraft:fall_one_cm":143761,"minecraft:horse_one_cm":579},"minecraft:dropped":{"farmersdelight:tomato_seeds":2,"minecraft:stone_hoe":1,"biomesoplenty:jacaranda_sapling":4,"minecraft:wheat_seeds":6,"minecraft:mossy_cobblestone":1,"minecraft:book":1,"alexsmobs:bison_fur":2,"minecraft:oxeye_daisy":1,"tombstone:grave_dust":1,"minecraft:paper":3,"minecraft:string":1,"minecraft:dandelion":4,"minecraft:bone":1,"minecraft:stone_axe":2,"minecraft:sugar_cane":1,"minecraft:stone_sword":2,"minecraft:birch_sapling":2,"minecraft:rotten_flesh":6,"minecraft:white_bed":1,"minecraft:poppy":1,"minecraft:potato":2,"supplementaries:goblet":1,"minecraft:andesite":1,"minecraft:spider_eye":2,"minecraft:oak_sapling":12,"minecraft:stone_bricks":6,"minecraft:wooden_pickaxe":1,"croptopia:peach":2,"comforts:sleeping_bag_black":1},"minecraft:killed":{"alexsmobs:raccoon":1,"biomemakeover:rootling":1,"minecraft:spider":11,"minecraft:skeleton":2,"minecraft:horse":8,"alexsmobs:bison":2,"hunters_return:hunter":2,"minecraft:iron_golem":1,"minecraft:creeper":3,"minecraft:sheep":7,"minecraft:zombie":8,"minecraft:cow":8},"minecraft:picked_up":{"minecraft:crafting_table":9,"minecraft:wheat":1,"minecraft:chicken":2,"croptopia:peach":2,"biomemakeover:ancient_oak_log":37,"biomesoplenty:jacaranda_sapling":4,"tombstone:grave_key":1,"biomemakeover:magenta_tapestry":3,"minecraft:string":12,"minecraft:raw_copper":394,"comforts:sleeping_bag_black":7,"biomemakeover:ancient_oak_sapling":3,"minecraft:cobbled_deepslate":1,"minecraft:beef":37,"minecraft:poppy":1,"minecraft:sugar_cane":7,"minecraft:chest":1,"minecraft:birch_sapling":2,"minecraft:stick":5,"minecraft:raw_iron":3,"croptopia:corn_seed":2,"minecraft:torch":4,"minecraft:porkchop":1,"farmersdelight:tomato_seeds":5,"tombstone:grave_dust":1,"minecraft:diorite":33,"biomemakeover:black_tapestry":5,"minecraft:stone_sword":1,"minecraft:arrow":13,"minecraft:rotten_flesh":10,"biomesoplenty:jacaranda_log":25,"minecraft:decorated_pot":1,"farmersdelight:onion":1,"sophisticatedbackpacks:copper_backpack":1,"minecraft:mutton":15,"minecraft:cobblestone":226,"minecraft:white_wool":11,"minecraft:birch_log":15,"minecraft:oxeye_daisy":1,"minecraft:cooked_beef":28,"minecraft:andesite":1,"minecraft:leather":17,"minecraft:potato":11,"alexsmobs:bison_fur":2,"minecraft:flint":1,"minecraft:oak_log":44,"minecraft:gunpowder":2,"minecraft:lapis_lazuli":51,"farmersdelight:tomato":3,"minecraft:dirt":156,"minecraft:paper":3,"minecraft:bone":4,"croptopia:corn":1,"minecraft:stone_bricks":6,"supplementaries:goblet":1,"minecraft:wheat_seeds":22,"minecraft:iron_ingot":5,"minecraft:book":2,"biomemakeover:ancient_oak_planks":4,"minecraft:dandelion":4,"minecraft:gravel":31,"minecraft:sand":2,"biomemakeover:rootling_seeds":1,"minecraft:white_bed":6,"minecraft:spider_eye":4,"alexsmobs:animal_dictionary":1,"minecraft:mossy_cobblestone":1,"minecraft:bundle":1,"minecraft:stone_axe":1,"croptopia:orange":1,"minecraft:granite":4,"minecraft:bone_meal":1,"minecraft:bread":5,"minecraft:emerald":1,"minecraft:baked_potato":3,"minecraft:oak_sapling":15,"minecraft:black_wool":3,"minecraft:coal":105},"minecraft:used":{"more_beautiful_torches:verdant_froglight_torch":3,"biomesoplenty:clover":1,"minecraft:stone_sword":66,"minecraft:stone_shovel":133,"sophisticatedbackpacks:copper_backpack":1,"minecraft:chest":1,"minecraft:decorated_pot":1,"minecraft:shield":4,"morebowsandarrows:copper_bow":11,"minecraft:cooked_chicken":2,"minecraft:stone_hoe":26,"supplementaries:sconce":2,"mcwlights:soul_birch_tiki_torch":1,"minecraft:torch":38,"supplementaries:globe":1,"minecraft:dirt":25,"mcwfences:wooden_cheval_de_frise":4,"minecraft:spruce_fence":25,"minecraft:shroomlight":2,"biomemakeover:magenta_tapestry":3,"minecraft:grass_block":64,"supplementaries:goblet":1,"biomemakeover:ancient_oak_planks":4,"biomemakeover:black_tapestry":5,"minecraft:furnace":2,"minecraft:oak_sapling":1,"tombstone:gift":5,"minecraft:cooked_beef":14,"minecraft:potato":6,"farmersdelight:tomato_seeds":3,"mcwlights:shroomlight_slab":24,"minecraft:wheat_seeds":15,"minecraft:cooked_mutton":8,"minecraft:water_bucket":9,"comforts:sleeping_bag_black":6,"minecraft:stone_pickaxe":132,"minecraft:wooden_pickaxe":25,"croptopia:corn_seed":2,"minecraft:stonecutter":1,"ironchest:wood_to_copper_chest_upgrade":1,"minecraft:white_wool":3,"farmersdelight:onion":2,"minecraft:sand":2,"minecraft:crafting_table":11,"minecraft:campfire":4,"minecraft:white_bed":7,"minecraft:painting":1,"croptopia:orange":1,"minecraft:oak_log":4,"littleframes:creative_pic_frame":10,"minecraft:light":11,"minecraft:bread":24,"croptopia:tomato_seed":3,"minecraft:stone_axe":149,"newshieldvariants:stone_shield":14,"moreusefulcopper:copper_pickaxe":360,"minecraft:cobblestone":15,"moreusefulcopper:copper_axe":140,"majruszsdifficulty:undead_battle_standard":1,"minecraft:cooked_porkchop":1,"minecraft:bucket":10,"minecraft:bone_meal":4,"biomemakeover:rootling_seeds":1,"croptopia:corn":1},"minecraft:mined":{"biomemakeover:magenta_wall_tapestry":2,"minecraft:white_bed":6,"minecraft:oak_sapling":1,"minecraft:mossy_cobblestone":1,"biomemakeover:ancient_oak_log":61,"minecraft:dark_oak_leaves":4,"biomemakeover:ancient_oak_planks":4,"minecraft:granite":4,"biomesoplenty:bush":9,"minecraft:grass_block":119,"minecraft:decorated_pot":1,"minecraft:oxeye_daisy":1,"biomesoplenty:jacaranda_log":31,"minecraft:fire":1,"minecraft:iron_ore":3,"croptopia:corn_crop":1,"minecraft:andesite":1,"minecraft:potatoes":2,"minecraft:stone":213,"minecraft:white_wool":3,"sophisticatedbackpacks:copper_backpack":1,"minecraft:podzol":2,"biomemakeover:ivy":2,"minecraft:dandelion":2,"minecraft:crafting_table":9,"biomemakeover:black_wall_tapestry":1,"minecraft:chest":1,"minecraft:white_stained_glass_pane":2,"minecraft:cobblestone":13,"minecraft:tall_grass":3,"minecraft:copper_ore":118,"biomesoplenty:sprout":9,"minecraft:lapis_ore":8,"minecraft:sugar_cane":3,"minecraft:diorite":33,"minecraft:wall_torch":3,"biomemakeover:mesmerite":1,"biomemakeover:black_tapestry":4,"minecraft:wheat":2,"minecraft:birch_log":16,"biomemakeover:magenta_tapestry":1,"minecraft:birch_leaves":1,"minecraft:grass":125,"minecraft:black_wool":3,"biomesoplenty:clover":11,"minecraft:oak_log":42,"minecraft:coal_ore":105,"minecraft:gravel":32,"minecraft:sand":2,"minecraft:dirt":18,"minecraft:cobweb":1,"minecraft:stone_bricks":6,"minecraft:oak_leaves":2,"minecraft:deepslate":1,"minecraft:fern":3},"minecraft:broken":{"minecraft:stone_pickaxe":1,"minecraft:stone_axe":1,"minecraft:stone_shovel":1,"moreusefulcopper:copper_pickaxe":1},"minecraft:killed_by":{"minecraft:zombie_villager":1,"minecraft:spider":1,"alexsmobs:bison":1,"minecraft:skeleton":1,"minecraft:zombie":1}},"DataVersion":3465}