{"stats":{"minecraft:killed_by":{"minecraft:zombie_villager":1,"minecraft:zombie":1,"minecraft:spider":1,"alexsmobs:bison":1,"minecraft:skeleton":1},"minecraft:picked_up":{"minecraft:wheat":12,"croptopia:calamari":4,"tombstone:grave_key":1,"minecraft:string":12,"minecraft:raw_copper":454,"mcwlights:birch_tiki_torch":5,"comforts:sleeping_bag_black":7,"biomemakeover:ancient_oak_sapling":3,"minecraft:cobbled_deepslate":327,"cfm:birch_park_bench":7,"minecraft:stick":28,"minecraft:torch":17,"minecraft:porkchop":1,"tombstone:grave_dust":1,"minecraft:diorite":33,"minecraft:stone_sword":1,"minecraft:rotten_flesh":10,"farmersdelight:onion":1,"minecraft:cobblestone":237,"minecraft:birch_log":137,"minecraft:cooked_beef":28,"minecraft:andesite":1,"minecraft:potato":11,"ironchest:copper_chest":5,"alexsmobs:bison_fur":2,"minecraft:flint":1,"minecraft:lapis_lazuli":51,"farmersdelight:tomato":3,"minecraft:dirt":369,"biomemakeover:crude_fragment":2,"supplementaries:goblet":1,"minecraft:bone":4,"croptopia:corn":3,"macawsroofsbop:jacaranda_planks_roof":66,"croptopia:sweetpotato":1,"minecraft:wheat_seeds":63,"moreusefulcopper:copper_pickaxe":1,"biomemakeover:ancient_oak_planks":4,"minecraft:birch_fence_gate":3,"minecraft:sand":50,"biomemakeover:rootling_seeds":1,"minecraft:ink_sac":9,"alexsmobs:animal_dictionary":1,"minecraft:mossy_cobblestone":1,"minecraft:bundle":1,"minecraft:granite":4,"minecraft:bone_meal":1,"minecraft:emerald":1,"minecraft:bread":5,"minecraft:oak_sapling":22,"minecraft:charcoal":8,"minecraft:crafting_table":12,"minecraft:azure_bluet":1,"minecraft:chicken":2,"croptopia:peach":2,"croptopia:sweetpotato_seed":1,"biomemakeover:ancient_oak_log":37,"biomesoplenty:jacaranda_sapling":32,"biomemakeover:magenta_tapestry":6,"minecraft:cornflower":1,"biomesoplenty:jacaranda_fence":3,"minecraft:birch_fence":6,"minecraft:beef":37,"minecraft:oak_boat":2,"minecraft:poppy":2,"minecraft:sugar_cane":7,"minecraft:chest":6,"minecraft:birch_sapling":11,"minecraft:raw_iron":7,"croptopia:corn_seed":6,"ageofweapons:blank_template":8,"minecraft:copper_ingot":40,"modernlife:paved_road":8,"farmersdelight:tomato_seeds":5,"biomemakeover:black_tapestry":6,"minecraft:arrow":13,"biomesoplenty:jacaranda_log":88,"minecraft:decorated_pot":1,"mcwfences:wooden_cheval_de_frise":4,"sophisticatedbackpacks:copper_backpack":1,"minecraft:mutton":15,"minecraft:white_wool":11,"minecraft:oxeye_daisy":2,"minecraft:leather":17,"minecraft:oak_log":69,"biomesoplenty:jacaranda_planks":88,"minecraft:gunpowder":2,"minecraft:paper":3,"modernlife:bicycle_item":4,"minecraft:apple":1,"minecraft:stone_bricks":6,"minecraft:iron_ingot":69,"minecraft:book":2,"minecraft:birch_boat":1,"croptopia:apricot":9,"minecraft:dandelion":7,"minecraft:gravel":31,"minecraft:white_bed":8,"minecraft:spider_eye":4,"minecraft:stone_axe":1,"croptopia:orange":1,"minecraft:baked_potato":3,"minecraft:black_wool":19,"minecraft:coal":105,"minecraft:ender_pearl":1},"minecraft:used":{"more_beautiful_torches:verdant_froglight_torch":3,"croptopia:calamari":3,"sophisticatedbackpacks:copper_backpack":1,"minecraft:decorated_pot":1,"minecraft:chest":10,"minecraft:shield":4,"supplementaries:globe":1,"mcwfences:wooden_cheval_de_frise":8,"minecraft:grass_block":64,"supplementaries:goblet":1,"biomemakeover:ancient_oak_planks":4,"minecraft:oak_sapling":1,"minecraft:furnace":2,"minecraft:potato":6,"biomesoplenty:jacaranda_fence":3,"minecraft:stone_pickaxe":132,"minecraft:wooden_pickaxe":25,"mcwlights:birch_tiki_torch":7,"minecraft:white_wool":3,"minecraft:sand":2,"ironchest:copper_chest":5,"biomesoplenty:jacaranda_planks":92,"croptopia:orange":1,"minecraft:birch_fence":40,"littleframes:creative_pic_frame":10,"minecraft:birch_fence_gate":5,"minecraft:bread":24,"moreusefulcopper:copper_pickaxe":736,"moreusefulcopper:copper_axe":627,"majruszsdifficulty:undead_battle_standard":1,"minecraft:smithing_table":1,"minecraft:birch_log":95,"minecraft:oak_boat":2,"moreusefulcopper:copper_shovel":250,"biomemakeover:rootling_seeds":1,"minecraft:bone_meal":4,"croptopia:corn":1,"biomesoplenty:clover":1,"minecraft:stone_sword":66,"minecraft:stone_shovel":133,"morebowsandarrows:copper_bow":17,"minecraft:stone_hoe":26,"minecraft:cooked_chicken":2,"supplementaries:sconce":2,"minecraft:torch":55,"mcwlights:soul_birch_tiki_torch":1,"minecraft:dirt":37,"minecraft:spruce_fence":25,"minecraft:shroomlight":2,"biomemakeover:magenta_tapestry":6,"modernlife:bicycle_item":5,"cfm:birch_park_bench":11,"biomemakeover:black_tapestry":6,"tombstone:gift":5,"minecraft:cooked_beef":22,"farmersdelight:tomato_seeds":3,"mcwlights:shroomlight_slab":24,"minecraft:wheat_seeds":27,"minecraft:cooked_mutton":15,"minecraft:water_bucket":9,"comforts:sleeping_bag_black":6,"minecraft:birch_boat":2,"macawsroofsbop:jacaranda_planks_roof":186,"croptopia:corn_seed":6,"minecraft:stonecutter":1,"ironchest:wood_to_copper_chest_upgrade":3,"farmersdelight:onion":2,"minecraft:crafting_table":14,"minecraft:white_bed":9,"minecraft:campfire":4,"minecraft:painting":1,"minecraft:oak_log":4,"minecraft:light":11,"croptopia:tomato_seed":3,"minecraft:stone_axe":149,"newshieldvariants:stone_shield":14,"modernlife:paved_road":8,"minecraft:cobblestone":25,"minecraft:cooked_porkchop":1,"minecraft:bucket":10},"minecraft:custom":{"minecraft:animals_bred":1,"minecraft:interact_with_crafting_table":158,"minecraft:open_barrel":2,"minecraft:leave_game":11,"minecraft:time_since_death":177081,"minecraft:sprint_one_cm":1032325,"minecraft:damage_blocked_by_shield":795,"minecraft:drop":73,"minecraft:talked_to_villager":3,"minecraft:play_time":438424,"minecraft:deaths":7,"minecraft:jump":8439,"minecraft:walk_on_water_one_cm":45458,"minecraft:interact_with_furnace":87,"minecraft:sleep_in_bed":21,"minecraft:waystone_activated":1,"minecraft:damage_dealt":10921,"minecraft:crouch_one_cm":166527,"tombstone:undead_killed":10,"minecraft:horse_one_cm":579,"minecraft:mob_kills":62,"minecraft:interact_with_campfire":31,"minecraft:climb_one_cm":1041,"minecraft:walk_one_cm":759413,"minecraft:sneak_time":34784,"minecraft:walk_under_water_one_cm":22687,"minecraft:interact_with_blast_furnace":1,"minecraft:total_world_time":438424,"tombstone:raider_killed":3,"minecraft:interact_with_stonecutter":7,"minecraft:time_since_rest":39808,"minecraft:damage_taken":3880,"minecraft:swim_one_cm":123742,"minecraft:fly_one_cm":1979000,"minecraft:open_chest":100,"minecraft:fall_one_cm":198834},"minecraft:crafted":{"minecraft:black_dye":9,"minecraft:oak_planks":4,"macawsroofsbop:jacaranda_planks_roof":168,"moreusefulcopper:copper_shovel":1,"biomemakeover:ancient_oak_planks":37,"mcwlights:birch_tiki_torch":2,"minecraft:birch_boat":1,"minecraft:cooked_chicken":2,"ageofweapons:blank_template":9,"moreusefulcopper:copper_axe":3,"minecraft:stone":56,"minecraft:cooked_mutton":15,"moreusefulcopper:copper_helmet":1,"mcwfences:wooden_cheval_de_frise":4,"sophisticatedbackpacks:copper_backpack":1,"morebowsandarrows:copper_bow":1,"minecraft:birch_fence_gate":2,"minecraft:chest":5,"minecraft:stone_hoe":1,"cfm:birch_park_bench":4,"ironchest:wood_to_copper_chest_upgrade":5,"ageofweapons:katana_template":1,"sophisticatedbackpacks:backpack":1,"biomesoplenty:jacaranda_planks":72,"minecraft:cooked_porkchop":1,"minecraft:crafting_table":3,"minecraft:wooden_pickaxe":1,"minecraft:smithing_table":1,"minecraft:copper_ingot":285,"minecraft:campfire":4,"minecraft:birch_planks":91,"comforts:sleeping_bag_black":1,"biomesoplenty:jacaranda_fence":12,"modernlife:tire":2,"minecraft:paper":6,"minecraft:charcoal":17,"minecraft:shield":1,"minecraft:birch_fence":36,"minecraft:stick":106,"minecraft:iron_ingot":7,"minecraft:stone_sword":1,"modernlife:bicycle_item":1,"hunters_return:boomerang":3,"minecraft:shears":1,"moreusefulcopper:copper_chestplate":1,"minecraft:stone_shovel":1,"minecraft:iron_nugget":9,"minecraft:furnace":2,"minecraft:bone_meal":1,"moreusefulcopper:copper_pickaxe":4,"moreusefulcopper:copper_leggings":1,"minecraft:stone_pickaxe":1,"minecraft:cooked_beef":8,"minecraft:bucket":1,"minecraft:stone_axe":2,"minecraft:air":714,"minecraft:oak_boat":1,"croptopia:tomato_seed":3,"ageofweapons:hammer":1,"newshieldvariants:stone_shield":1,"moreusefulcopper:copper_boots":1,"minecraft:stonecutter":1,"minecraft:white_bed":2,"modernlife:paved_road":18,"minecraft:torch":17},"minecraft:broken":{"minecraft:stone_pickaxe":1,"minecraft:stone_axe":1,"moreusefulcopper:copper_axe":2,"minecraft:stone_shovel":1,"moreusefulcopper:copper_shovel":1,"moreusefulcopper:copper_pickaxe":2},"minecraft:dropped":{"alexsmobs:bison_fur":2,"croptopia:apricot":9,"minecraft:cornflower":1,"croptopia:sweetpotato_seed":1,"minecraft:bone":1,"minecraft:stone_axe":2,"minecraft:sugar_cane":1,"minecraft:birch_sapling":11,"minecraft:rotten_flesh":6,"minecraft:azure_bluet":1,"minecraft:white_bed":1,"minecraft:poppy":2,"supplementaries:goblet":1,"comforts:sleeping_bag_black":1,"farmersdelight:tomato_seeds":2,"minecraft:stone_hoe":1,"minecraft:iron_ingot":4,"biomesoplenty:jacaranda_sapling":32,"minecraft:wheat_seeds":35,"minecraft:mossy_cobblestone":1,"minecraft:book":1,"croptopia:sweetpotato":1,"minecraft:copper_ingot":40,"minecraft:oxeye_daisy":2,"tombstone:grave_dust":1,"minecraft:paper":3,"minecraft:string":1,"minecraft:dandelion":7,"minecraft:stone_sword":2,"minecraft:potato":2,"minecraft:andesite":1,"moreusefulcopper:copper_pickaxe":1,"minecraft:oak_sapling":19,"minecraft:stone_bricks":6,"minecraft:spider_eye":2,"croptopia:peach":2,"minecraft:wooden_pickaxe":1},"minecraft:killed":{"minecraft:spider":12,"minecraft:skeleton":2,"hunters_return:hunter":2,"minecraft:iron_golem":1,"minecraft:creeper":4,"minecraft:sheep":7,"minecraft:pillager":1,"minecraft:zombie":8,"minecraft:cow":8,"alexsmobs:raccoon":1,"biomemakeover:rootling":1,"minecraft:horse":8,"alexsmobs:bison":2,"minecraft:squid":4,"minecraft:enderman":1},"minecraft:mined":{"biomemakeover:magenta_wall_tapestry":2,"minecraft:white_bed":8,"minecraft:oak_sapling":1,"biomemakeover:ancient_oak_planks":4,"minecraft:granite":4,"minecraft:grass_block":327,"cfm:birch_park_bench":7,"minecraft:oxeye_daisy":1,"ironchest:copper_chest":5,"diagonalfences:biomesoplenty/jacaranda_fence":3,"diagonalfences:minecraft/birch_fence":6,"minecraft:fire":1,"minecraft:iron_ore":3,"macawsroofsbop:jacaranda_planks_roof":66,"minecraft:dirt_path":1,"sophisticatedbackpacks:copper_backpack":1,"modernlife:paved_road":8,"biomesoplenty:jacaranda_planks":88,"biomemakeover:black_wall_tapestry":1,"minecraft:torch":6,"minecraft:white_stained_glass_pane":2,"minecraft:chest":6,"minecraft:cobblestone":13,"minecraft:sugar_cane":3,"minecraft:wall_torch":7,"minecraft:deepslate_copper_ore":16,"biomemakeover:black_tapestry":4,"minecraft:birch_log":142,"minecraft:wheat":15,"minecraft:grass":148,"biomesoplenty:clover":11,"minecraft:oak_log":67,"minecraft:sand":50,"minecraft:dirt":23,"minecraft:oak_leaves":3,"minecraft:deepslate":328,"minecraft:mossy_cobblestone":1,"minecraft:dark_oak_leaves":4,"biomemakeover:ancient_oak_log":61,"minecraft:birch_fence_gate":3,"mcwlights:birch_tiki_torch":3,"biomesoplenty:bush":9,"minecraft:decorated_pot":1,"biomesoplenty:jacaranda_log":111,"diagonalfences:mcwfences/wooden_cheval_de_frise":4,"croptopia:corn_crop":3,"minecraft:andesite":1,"minecraft:potatoes":2,"minecraft:deepslate_iron_ore":4,"minecraft:stone":224,"minecraft:white_wool":3,"minecraft:podzol":2,"biomemakeover:ivy":2,"minecraft:dandelion":3,"croptopia:sweetpotato_crop":1,"minecraft:crafting_table":12,"minecraft:campfire":4,"minecraft:copper_ore":120,"minecraft:tall_grass":3,"biomesoplenty:sprout":9,"minecraft:lapis_ore":8,"minecraft:diorite":33,"biomemakeover:mesmerite":1,"biomemakeover:magenta_tapestry":4,"minecraft:birch_leaves":2,"minecraft:black_wool":3,"minecraft:coal_ore":105,"minecraft:gravel":32,"minecraft:cobweb":1,"minecraft:stone_bricks":6,"minecraft:fern":3}},"DataVersion":3465}