{"stats":{"minecraft:mined":{"minecraft:podzol":2,"biomemakeover:magenta_wall_tapestry":2,"minecraft:white_bed":5,"minecraft:mossy_cobblestone":1,"minecraft:dark_oak_leaves":4,"biomemakeover:ancient_oak_log":61,"biomemakeover:ivy":2,"biomemakeover:black_wall_tapestry":1,"minecraft:crafting_table":8,"minecraft:grass_block":7,"minecraft:decorated_pot":1,"minecraft:white_stained_glass_pane":2,"minecraft:cobblestone":10,"minecraft:copper_ore":4,"biomesoplenty:sprout":1,"minecraft:sugar_cane":3,"biomemakeover:mesmerite":1,"minecraft:iron_ore":1,"minecraft:birch_log":16,"minecraft:birch_leaves":1,"minecraft:black_wool":3,"minecraft:grass":10,"biomesoplenty:clover":4,"minecraft:oak_log":17,"minecraft:coal_ore":15,"minecraft:gravel":32,"minecraft:dirt":6,"minecraft:cobweb":1,"minecraft:stone":19,"minecraft:stone_bricks":6,"minecraft:white_wool":3,"minecraft:oak_leaves":1,"minecraft:fern":3},"minecraft:crafted":{"minecraft:stone_shovel":1,"minecraft:crafting_table":1,"minecraft:wooden_pickaxe":1,"minecraft:birch_planks":42,"comforts:sleeping_bag_black":1,"minecraft:stone_axe":2,"minecraft:cooked_mutton":11,"minecraft:air":45,"minecraft:paper":6,"minecraft:stick":18,"minecraft:stone_pickaxe":1,"minecraft:stone_sword":1,"minecraft:white_bed":1,"hunters_return:boomerang":3,"minecraft:torch":3},"minecraft:dropped":{"minecraft:sugar_cane":1,"minecraft:wheat_seeds":2,"minecraft:mossy_cobblestone":1,"minecraft:birch_sapling":2,"minecraft:white_bed":1,"supplementaries:goblet":1,"tombstone:grave_dust":1,"minecraft:stone_bricks":6,"minecraft:wooden_pickaxe":1,"comforts:sleeping_bag_black":1,"minecraft:bone":1},"minecraft:custom":{"minecraft:interact_with_furnace":4,"minecraft:mob_kills":23,"tombstone:raider_killed":2,"minecraft:interact_with_crafting_table":48,"minecraft:time_since_death":416,"minecraft:leave_game":5,"minecraft:sleep_in_bed":4,"minecraft:time_since_rest":1,"minecraft:sprint_one_cm":404020,"minecraft:damage_taken":1725,"minecraft:walk_one_cm":258827,"minecraft:drop":12,"minecraft:damage_dealt":3928,"minecraft:swim_one_cm":4236,"minecraft:talked_to_villager":1,"minecraft:fly_one_cm":820784,"minecraft:open_chest":4,"minecraft:crouch_one_cm":22917,"minecraft:play_time":181330,"tombstone:undead_killed":3,"minecraft:deaths":6,"minecraft:sneak_time":5269,"minecraft:walk_under_water_one_cm":3531,"minecraft:jump":3352,"minecraft:walk_on_water_one_cm":6152,"minecraft:total_world_time":181330,"minecraft:fall_one_cm":82955},"minecraft:broken":{"minecraft:stone_axe":1},"minecraft:killed_by":{"minecraft:zombie_villager":1,"minecraft:skeleton":1,"minecraft:spider":1,"minecraft:zombie":1},"minecraft:killed":{"hunters_return:hunter":2,"biomemakeover:rootling":1,"minecraft:spider":3,"minecraft:sheep":7,"minecraft:horse":7,"minecraft:zombie":3},"minecraft:used":{"more_beautiful_torches:verdant_froglight_torch":3,"minecraft:cooked_mutton":7,"biomesoplenty:clover":1,"minecraft:stone_sword":62,"minecraft:stone_shovel":31,"minecraft:stone_pickaxe":38,"comforts:sleeping_bag_black":2,"minecraft:decorated_pot":1,"minecraft:wooden_pickaxe":25,"supplementaries:sconce":2,"supplementaries:globe":1,"minecraft:white_wool":3,"minecraft:torch":5,"mcwlights:soul_birch_tiki_torch":1,"minecraft:dirt":15,"minecraft:crafting_table":8,"minecraft:white_bed":5,"minecraft:painting":1,"minecraft:spruce_fence":25,"minecraft:shroomlight":2,"minecraft:oak_log":4,"littleframes:creative_pic_frame":10,"minecraft:light":11,"minecraft:bread":15,"minecraft:grass_block":64,"supplementaries:goblet":1,"minecraft:stone_axe":126,"minecraft:cobblestone":12,"majruszsdifficulty:undead_battle_standard":1,"tombstone:gift":2,"mcwlights:shroomlight_slab":24},"minecraft:picked_up":{"minecraft:birch_log":15,"minecraft:crafting_table":8,"minecraft:chicken":2,"minecraft:leather":6,"biomemakeover:ancient_oak_log":37,"minecraft:flint":1,"minecraft:oak_log":27,"tombstone:grave_key":1,"biomemakeover:magenta_tapestry":2,"minecraft:string":5,"minecraft:dirt":33,"minecraft:raw_copper":12,"minecraft:bone":1,"minecraft:stone_bricks":6,"supplementaries:goblet":1,"comforts:sleeping_bag_black":3,"minecraft:wheat_seeds":3,"biomemakeover:ancient_oak_sapling":3,"minecraft:beef":9,"minecraft:sugar_cane":7,"minecraft:birch_sapling":2,"minecraft:stick":2,"minecraft:raw_iron":1,"minecraft:gravel":31,"minecraft:porkchop":1,"biomemakeover:rootling_seeds":1,"tombstone:grave_dust":1,"minecraft:white_bed":5,"minecraft:spider_eye":1,"alexsmobs:animal_dictionary":1,"minecraft:mossy_cobblestone":1,"biomemakeover:black_tapestry":1,"minecraft:bundle":1,"minecraft:arrow":11,"minecraft:rotten_flesh":6,"minecraft:decorated_pot":1,"minecraft:emerald":1,"minecraft:oak_sapling":2,"minecraft:black_wool":3,"minecraft:mutton":15,"minecraft:coal":15,"minecraft:white_wool":11,"minecraft:cobblestone":29}},"DataVersion":3465}