{"stats":{"minecraft:mined":{"minecraft:white_bed":3,"minecraft:birch_log":6,"minecraft:crafting_table":2,"minecraft:grass":2,"biomesoplenty:clover":3,"minecraft:grass_block":2,"minecraft:oak_log":2,"minecraft:dirt":3,"minecraft:stone":11},"minecraft:crafted":{"minecraft:crafting_table":1,"minecraft:stick":2,"minecraft:wooden_pickaxe":1,"minecraft:white_bed":1,"minecraft:birch_planks":6,"minecraft:stone_axe":1,"minecraft:air":33},"minecraft:dropped":{"supplementaries:goblet":1},"minecraft:custom":{"minecraft:time_since_rest":24528,"minecraft:sprint_one_cm":141930,"minecraft:damage_taken":70,"minecraft:walk_one_cm":116024,"minecraft:mob_kills":3,"minecraft:drop":1,"minecraft:damage_dealt":258,"minecraft:interact_with_crafting_table":28,"minecraft:fly_one_cm":234672,"minecraft:crouch_one_cm":6987,"minecraft:play_time":102978,"minecraft:deaths":2,"minecraft:sneak_time":1352,"minecraft:jump":858,"minecraft:leave_game":1,"minecraft:walk_on_water_one_cm":124,"minecraft:time_since_death":29862,"minecraft:sleep_in_bed":1,"minecraft:total_world_time":102978,"minecraft:fall_one_cm":11391},"minecraft:killed":{"minecraft:sheep":3},"minecraft:used":{"minecraft:shroomlight":2,"minecraft:oak_log":3,"more_beautiful_torches:verdant_froglight_torch":3,"biomesoplenty:clover":1,"littleframes:creative_pic_frame":10,"minecraft:light":11,"minecraft:bread":2,"minecraft:grass_block":64,"minecraft:wooden_pickaxe":11,"supplementaries:goblet":1,"supplementaries:sconce":2,"supplementaries:globe":1,"mcwlights:soul_birch_tiki_torch":1,"minecraft:dirt":7,"majruszsdifficulty:undead_battle_standard":1,"minecraft:crafting_table":3,"minecraft:white_bed":3,"minecraft:painting":1,"minecraft:spruce_fence":25,"mcwlights:shroomlight_slab":24},"minecraft:picked_up":{"minecraft:birch_log":6,"minecraft:stick":2,"minecraft:oak_log":12,"tombstone:grave_key":1,"minecraft:white_bed":3,"minecraft:dirt":25,"alexsmobs:animal_dictionary":1,"minecraft:bundle":1,"minecraft:rotten_flesh":3,"supplementaries:goblet":1,"minecraft:wheat_seeds":1,"minecraft:mutton":5,"minecraft:white_wool":4,"minecraft:cobblestone":11,"minecraft:crafting_table":2}},"DataVersion":3465}