{"stats":{"minecraft:mined":{"minecraft:oak_log":2,"minecraft:grass":1,"biomesoplenty:clover":1},"minecraft:picked_up":{"minecraft:bundle":1,"minecraft:rotten_flesh":3,"supplementaries:goblet":1,"minecraft:wheat_seeds":1,"minecraft:oak_log":12,"tombstone:grave_key":1,"minecraft:dirt":20,"minecraft:white_wool":1,"alexsmobs:animal_dictionary":1},"minecraft:custom":{"minecraft:time_since_rest":57759,"minecraft:crouch_one_cm":6609,"minecraft:deaths":1,"minecraft:play_time":72518,"minecraft:sprint_one_cm":112968,"minecraft:damage_taken":60,"minecraft:walk_one_cm":98957,"minecraft:sneak_time":1242,"minecraft:drop":1,"minecraft:jump":563,"minecraft:damage_dealt":18,"minecraft:time_since_death":58084,"minecraft:total_world_time":72518,"minecraft:fall_one_cm":3902,"minecraft:fly_one_cm":163800},"minecraft:used":{"minecraft:shroomlight":2,"supplementaries:sconce":2,"minecraft:oak_log":3,"minecraft:light":11,"supplementaries:globe":1,"mcwlights:soul_birch_tiki_torch":1,"minecraft:dirt":2,"majruszsdifficulty:undead_battle_standard":1,"minecraft:grass_block":64,"minecraft:painting":1,"minecraft:spruce_fence":25,"biomesoplenty:clover":1,"mcwlights:shroomlight_slab":24,"supplementaries:goblet":1,"more_beautiful_torches:verdant_froglight_torch":3,"littleframes:creative_pic_frame":10},"minecraft:dropped":{"supplementaries:goblet":1}},"DataVersion":3465}