{"stats":{"minecraft:mined":{"minecraft:diamond_ore":2,"minecraft:tuff":42,"biomemakeover:ancient_oak_log":13,"minecraft:dark_oak_leaves":1,"minecraft:deepslate_diamond_ore":1,"minecraft:dark_oak_log":21,"minecraft:granite":42,"biomesoplenty:bush":5,"minecraft:stone_button":1,"biomemakeover:itching_ivy":1,"minecraft:grass_block":6,"minecraft:light_gray_bed":1,"minecraft:spawner":1,"minecraft:redstone_ore":2,"croptopia:pecan_crop":1,"minecraft:furnace":1,"minecraft:carrots":45,"minecraft:iron_ore":72,"minecraft:andesite":38,"minecraft:deepslate_lapis_ore":5,"minecraft:brown_bed":1,"farmersdelight:rope":15,"biomesoplenty:high_grass":4,"minecraft:stone":444,"minecraft:deepslate_redstone_ore":5,"biomemakeover:ivy":3,"biomesoplenty:hanging_cobweb_strand":1,"minecraft:crafting_table":3,"minecraft:torch":10,"minecraft:blast_furnace":1,"minecraft:chest":1,"minecraft:white_stained_glass_pane":2,"minecraft:copper_ore":29,"minecraft:tall_grass":2,"minecraft:cobblestone":4,"biomesoplenty:sprout":10,"minecraft:lapis_ore":7,"biomesoplenty:huge_clover_petal":5,"minecraft:diorite":13,"minecraft:wall_torch":16,"supplementaries:urn":9,"minecraft:coarse_dirt":1,"minecraft:wheat":11,"minecraft:birch_leaves":1,"minecraft:grass":16,"biomesoplenty:clover":9,"minecraft:oak_log":19,"minecraft:coal_ore":120,"minecraft:gravel":12,"minecraft:dirt":26,"biomesoplenty:stringy_cobweb":1,"minecraft:cobweb":3,"minecraft:gold_ore":4,"minecraft:oak_leaves":1,"minecraft:deepslate":171,"minecraft:suspicious_gravel":1},"minecraft:dropped":{"minecraft:brown_mushroom":1,"minecraft:wheat_seeds":27,"minecraft:cooked_beef":2,"minecraft:dark_oak_sapling":3,"minecraft:red_mushroom":1,"tombstone:magic_scroll":1,"tombstone:grave_key":1,"tombstone:grave_dust":2,"alexscaves:extinction_spear":2,"alexsmobs:crocodile_scute":1,"alexsmobs:crocodile_egg":1,"tombstone:gift":2,"minecraft:rotten_flesh":9,"supplementaries:ash":6,"minecraft:andesite":7,"moreusefulcopper:copper_pickaxe":1,"minecraft:wooden_pickaxe":1,"minecraft:stone_pickaxe":1},"minecraft:crafted":{"moreusefulcopper:copper_chestplate":1,"minecraft:oak_planks":17,"biomemakeover:ancient_oak_planks":13,"comforts:sleeping_bag_white":1,"minecraft:furnace":3,"minecraft:stone":65,"moreusefulcopper:copper_pickaxe":1,"moreusefulcopper:copper_helmet":1,"moreusefulcopper:copper_leggings":1,"sophisticatedbackpacks:copper_backpack":1,"minecraft:iron_axe":1,"minecraft:stone_pickaxe":1,"minecraft:chest":2,"minecraft:dark_oak_planks":21,"sophisticatedbackpacks:iron_backpack":1,"sophisticatedbackpacks:backpack":1,"minecraft:crafting_table":2,"minecraft:wooden_pickaxe":1,"minecraft:iron_sword":1,"minecraft:copper_ingot":84,"minecraft:air":206,"minecraft:diamond_pickaxe":1,"minecraft:stick":8,"moreusefulcopper:copper_boots":1,"minecraft:iron_ingot":67,"minecraft:wooden_axe":1,"minecraft:gold_ingot":3,"minecraft:stonecutter":1,"minecraft:torch":12,"minecraft:lapis_block":1},"minecraft:custom":{"minecraft:mob_kills":33,"minecraft:interact_with_crafting_table":33,"minecraft:open_barrel":9,"minecraft:leave_game":5,"minecraft:time_since_death":45992,"minecraft:climb_one_cm":3394,"minecraft:sprint_one_cm":835415,"minecraft:walk_one_cm":520873,"minecraft:drop":30,"minecraft:talked_to_villager":1,"minecraft:play_time":241320,"minecraft:deaths":10,"minecraft:sneak_time":2278,"minecraft:walk_under_water_one_cm":12529,"minecraft:jump":4697,"minecraft:interact_with_blast_furnace":27,"minecraft:walk_on_water_one_cm":24634,"minecraft:total_world_time":241320,"minecraft:interact_with_furnace":37,"minecraft:interact_with_loom":1,"minecraft:interact_with_stonecutter":2,"minecraft:sleep_in_bed":10,"minecraft:time_since_rest":8490,"minecraft:damage_taken":4291,"minecraft:damage_absorbed":40,"minecraft:damage_dealt":4565,"tombstone:cast_on_ally":0,"minecraft:swim_one_cm":7290,"minecraft:fly_one_cm":936919,"minecraft:player_kills":1,"minecraft:open_chest":41,"minecraft:crouch_one_cm":3498,"tombstone:undead_killed":22,"minecraft:fall_one_cm":157521},"minecraft:broken":{"minecraft:wooden_axe":1,"moreusefulcopper:copper_pickaxe":1},"minecraft:killed_by":{"minecraft:spider":1,"minecraft:skeleton":2,"minecraft:zombie":4,"alexsmobs:grizzly_bear":1},"minecraft:killed":{"minecraft:spider":1,"minecraft:skeleton":2,"majruszsdifficulty:cursed_armor":1,"minecraft:creeper":3,"minecraft:sheep":3,"alexsmobs:crocodile":1,"minecraft:zombie":20,"minecraft:cow":2},"minecraft:used":{"minecraft:chest":2,"minecraft:iron_sword":5,"tombstone:scroll_of_purification":1,"minecraft:torch":39,"minecraft:dirt":19,"minecraft:carrot":56,"minecraft:tuff":18,"minecraft:granite":37,"farmersdelight:rope":15,"minecraft:wooden_axe":54,"minecraft:dark_oak_planks":80,"minecraft:iron_axe":116,"biomemakeover:ancient_oak_planks":30,"minecraft:bow":44,"minecraft:oak_sapling":6,"minecraft:furnace":4,"tombstone:gift":2,"comforts:sleeping_bag_white":7,"minecraft:cooked_beef":17,"minecraft:light_gray_bed":1,"croptopia:pecan":1,"minecraft:diorite":2,"minecraft:stone_pickaxe":73,"minecraft:wooden_pickaxe":31,"biomemakeover:ancient_oak_sapling":1,"biomesoplenty:flowering_oak_sapling":1,"minecraft:stonecutter":1,"minecraft:golden_apple":1,"minecraft:crafting_table":4,"minecraft:blast_furnace":1,"minecraft:oak_log":2,"minecraft:diamond_pickaxe":698,"minecraft:apple":20,"minecraft:bread":17,"minecraft:stone_button":1,"alexscaves:extinction_spear":8,"tombstone:magic_scroll":1,"minecraft:gravel":11,"moreusefulcopper:copper_pickaxe":253,"minecraft:cobblestone":19,"minecraft:andesite":16,"minecraft:coarse_dirt":1},"minecraft:picked_up":{"minecraft:wooden_axe":1,"minecraft:crafting_table":3,"minecraft:coarse_dirt":1,"minecraft:wheat":11,"minecraft:brown_mushroom":1,"minecraft:wooden_pickaxe":1,"minecraft:brown_bed":1,"biomemakeover:ancient_oak_log":13,"tombstone:grave_key":1,"minecraft:string":5,"minecraft:raw_copper":89,"minecraft:gold_nugget":32,"biomemakeover:ancient_oak_sapling":1,"minecraft:cobbled_deepslate":171,"comforts:sleeping_bag_white":7,"minecraft:beef":5,"minecraft:chest":1,"minecraft:furnace":1,"minecraft:dark_oak_sapling":3,"minecraft:stick":10,"minecraft:raw_iron":72,"minecraft:torch":28,"croptopia:rhubarb_seed":6,"minecraft:stone_button":1,"tombstone:grave_dust":1,"minecraft:diorite":5,"minecraft:carrot":165,"minecraft:redstone":32,"alexsmobs:crocodile_scute":1,"minecraft:arrow":2,"minecraft:light_gray_bed":1,"minecraft:rotten_flesh":9,"farmersdelight:rope":15,"supplementaries:ash":26,"minecraft:mutton":4,"croptopia:pecan":1,"minecraft:white_wool":3,"minecraft:cobblestone":425,"minecraft:andesite":45,"minecraft:leather":2,"minecraft:red_mushroom":1,"minecraft:tuff":40,"minecraft:oak_log":19,"supplementaries:flax_seeds":1,"minecraft:lapis_lazuli":52,"minecraft:dirt":32,"minecraft:bone":9,"minecraft:apple":3,"minecraft:wheat_seeds":27,"alexscaves:extinction_spear":2,"minecraft:raw_gold":4,"moreusefulcopper:copper_pickaxe":1,"minecraft:gravel":12,"alexsmobs:crocodile_egg":1,"minecraft:blast_furnace":1,"minecraft:dark_oak_log":21,"biomesoplenty:flowering_oak_sapling":2,"minecraft:diamond":3,"minecraft:granite":42,"minecraft:emerald":2,"minecraft:oak_sapling":6,"minecraft:coal":119}},"DataVersion":3465}