{"stats":{"minecraft:mined":{"minecraft:dark_oak_leaves":1,"biomemakeover:ancient_oak_log":13,"biomemakeover:ivy":3,"minecraft:dark_oak_log":21,"minecraft:crafting_table":3,"minecraft:torch":1,"biomemakeover:itching_ivy":1,"minecraft:grass_block":2,"minecraft:chest":1,"minecraft:white_stained_glass_pane":2,"minecraft:copper_ore":15,"minecraft:tall_grass":2,"biomesoplenty:sprout":10,"minecraft:coarse_dirt":1,"croptopia:pecan_crop":1,"minecraft:furnace":1,"minecraft:carrots":45,"minecraft:iron_ore":35,"minecraft:wheat":11,"minecraft:birch_leaves":1,"minecraft:brown_bed":1,"minecraft:grass":14,"biomesoplenty:clover":7,"minecraft:coal_ore":18,"minecraft:oak_log":17,"biomesoplenty:high_grass":1,"minecraft:gravel":7,"minecraft:dirt":16,"minecraft:stone":18,"minecraft:oak_leaves":1,"minecraft:suspicious_gravel":1},"minecraft:dropped":{"minecraft:brown_mushroom":1,"minecraft:wheat_seeds":27,"minecraft:cooked_beef":2,"minecraft:dark_oak_sapling":3,"minecraft:red_mushroom":1,"tombstone:grave_key":1,"tombstone:grave_dust":1,"minecraft:wooden_pickaxe":1,"minecraft:stone_pickaxe":1,"alexscaves:extinction_spear":2},"minecraft:crafted":{"moreusefulcopper:copper_chestplate":1,"minecraft:crafting_table":2,"biomemakeover:ancient_oak_planks":13,"comforts:sleeping_bag_white":1,"minecraft:wooden_pickaxe":1,"minecraft:furnace":1,"minecraft:copper_ingot":45,"minecraft:air":138,"moreusefulcopper:copper_pickaxe":1,"moreusefulcopper:copper_helmet":1,"moreusefulcopper:copper_leggings":1,"minecraft:iron_axe":1,"minecraft:stick":8,"moreusefulcopper:copper_boots":1,"minecraft:iron_ingot":26,"minecraft:stone_pickaxe":1,"minecraft:wooden_axe":1,"minecraft:chest":1,"minecraft:dark_oak_planks":21,"minecraft:torch":12},"minecraft:custom":{"minecraft:interact_with_furnace":14,"minecraft:mob_kills":6,"minecraft:interact_with_crafting_table":15,"minecraft:open_barrel":9,"minecraft:leave_game":3,"minecraft:time_since_death":41240,"minecraft:sleep_in_bed":4,"minecraft:climb_one_cm":2221,"minecraft:time_since_rest":8853,"minecraft:sprint_one_cm":579332,"minecraft:damage_taken":2242,"minecraft:walk_one_cm":300156,"minecraft:drop":12,"minecraft:damage_dealt":442,"minecraft:swim_one_cm":4715,"minecraft:fly_one_cm":616503,"minecraft:player_kills":1,"minecraft:open_chest":14,"tombstone:undead_killed":1,"minecraft:crouch_one_cm":2677,"minecraft:play_time":138027,"minecraft:deaths":8,"minecraft:sneak_time":1620,"minecraft:walk_under_water_one_cm":5226,"minecraft:jump":2773,"minecraft:interact_with_blast_furnace":18,"minecraft:walk_on_water_one_cm":7132,"minecraft:total_world_time":138027,"minecraft:fall_one_cm":83000},"minecraft:broken":{"minecraft:wooden_axe":1},"minecraft:killed_by":{"minecraft:skeleton":1,"minecraft:spider":1,"minecraft:zombie":3,"alexsmobs:grizzly_bear":1},"minecraft:killed":{"minecraft:creeper":2,"minecraft:sheep":3,"minecraft:zombie":1},"minecraft:used":{"croptopia:pecan":1,"minecraft:stone_pickaxe":73,"minecraft:chest":2,"minecraft:wooden_pickaxe":31,"biomemakeover:ancient_oak_sapling":1,"biomesoplenty:flowering_oak_sapling":1,"minecraft:torch":2,"minecraft:dirt":18,"minecraft:crafting_table":4,"minecraft:carrot":56,"minecraft:dark_oak_planks":19,"minecraft:wooden_axe":54,"minecraft:apple":5,"minecraft:iron_axe":16,"minecraft:bread":15,"alexscaves:extinction_spear":8,"minecraft:gravel":7,"moreusefulcopper:copper_pickaxe":10,"biomemakeover:ancient_oak_planks":13,"minecraft:bow":9,"minecraft:furnace":2,"minecraft:oak_sapling":6,"tombstone:gift":2,"comforts:sleeping_bag_white":3,"minecraft:cooked_beef":5,"minecraft:coarse_dirt":1},"minecraft:picked_up":{"minecraft:wooden_axe":1,"minecraft:coarse_dirt":1,"minecraft:crafting_table":3,"minecraft:wheat":11,"minecraft:brown_mushroom":1,"minecraft:wooden_pickaxe":1,"minecraft:red_mushroom":1,"minecraft:brown_bed":1,"biomemakeover:ancient_oak_log":13,"minecraft:oak_log":17,"tombstone:grave_key":1,"minecraft:dirt":18,"minecraft:raw_copper":45,"minecraft:bone":2,"minecraft:apple":3,"alexscaves:extinction_spear":2,"minecraft:wheat_seeds":27,"biomemakeover:ancient_oak_sapling":1,"comforts:sleeping_bag_white":3,"minecraft:chest":1,"minecraft:furnace":1,"minecraft:dark_oak_sapling":3,"minecraft:stick":10,"minecraft:raw_iron":35,"minecraft:torch":2,"croptopia:rhubarb_seed":6,"minecraft:gravel":7,"minecraft:carrot":165,"minecraft:dark_oak_log":21,"biomesoplenty:flowering_oak_sapling":2,"minecraft:oak_sapling":6,"croptopia:pecan":1,"minecraft:mutton":4,"minecraft:coal":18,"minecraft:white_wool":3,"minecraft:cobblestone":18}},"DataVersion":3465}