{"stats":{"minecraft:killed_by":{"minecraft:spider":1,"minecraft:skeleton":3,"minecraft:zombie":5,"alexsmobs:grizzly_bear":1},"minecraft:picked_up":{"minecraft:wooden_axe":1,"minecraft:crafting_table":5,"minecraft:coarse_dirt":1,"minecraft:wheat":11,"minecraft:brown_mushroom":1,"minecraft:wooden_pickaxe":1,"minecraft:brown_bed":1,"biomemakeover:ancient_oak_log":13,"tombstone:grave_key":2,"minecraft:polished_deepslate":1,"minecraft:string":5,"minecraft:raw_copper":98,"minecraft:iron_axe":1,"minecraft:gold_nugget":32,"biomemakeover:ancient_oak_sapling":1,"minecraft:cobbled_deepslate":234,"comforts:sleeping_bag_white":9,"minecraft:beef":5,"minecraft:chest":1,"minecraft:furnace":1,"minecraft:dark_oak_sapling":3,"minecraft:stick":20,"minecraft:raw_iron":120,"minecraft:torch":30,"croptopia:rhubarb_seed":6,"minecraft:stone_button":1,"tombstone:grave_dust":1,"minecraft:diorite":78,"minecraft:carrot":165,"minecraft:redstone":32,"alexsmobs:crocodile_scute":1,"minecraft:arrow":2,"minecraft:light_gray_bed":1,"minecraft:rotten_flesh":9,"farmersdelight:rope":15,"supplementaries:ash":28,"croptopia:pecan":1,"minecraft:mutton":4,"minecraft:white_wool":3,"minecraft:cobblestone":611,"minecraft:andesite":53,"minecraft:leather":2,"minecraft:red_mushroom":1,"minecraft:tuff":40,"minecraft:oak_log":40,"supplementaries:flax_seeds":1,"minecraft:lapis_lazuli":97,"minecraft:dirt":37,"minecraft:bone":9,"minecraft:apple":4,"minecraft:wheat_seeds":27,"alexscaves:extinction_spear":2,"minecraft:raw_gold":4,"moreusefulcopper:copper_pickaxe":1,"biomemakeover:ancient_oak_planks":2,"minecraft:gravel":12,"alexsmobs:crocodile_egg":1,"minecraft:spruce_sapling":5,"minecraft:blast_furnace":1,"minecraft:spruce_log":78,"minecraft:dark_oak_log":21,"biomesoplenty:flowering_oak_sapling":3,"biomesoplenty:maple_sapling":2,"minecraft:diamond":3,"minecraft:polished_diorite":4,"minecraft:granite":89,"minecraft:emerald":4,"minecraft:oak_sapling":21,"minecraft:coal":138},"minecraft:used":{"minecraft:polished_deepslate":1,"minecraft:chest":2,"minecraft:iron_sword":28,"tombstone:scroll_of_purification":1,"minecraft:torch":42,"minecraft:dirt":19,"minecraft:carrot":56,"minecraft:tuff":18,"minecraft:granite":43,"biomesoplenty:maple_sapling":2,"minecraft:polished_diorite":8,"farmersdelight:rope":15,"minecraft:dark_oak_planks":80,"minecraft:wooden_axe":54,"minecraft:iron_axe":290,"biomemakeover:ancient_oak_planks":32,"minecraft:bow":44,"minecraft:furnace":4,"minecraft:oak_sapling":15,"tombstone:gift":2,"comforts:sleeping_bag_white":9,"minecraft:cooked_beef":22,"minecraft:light_gray_bed":1,"croptopia:pecan":1,"minecraft:diorite":2,"minecraft:stone_pickaxe":73,"minecraft:oak_planks":3,"minecraft:wooden_pickaxe":107,"biomemakeover:ancient_oak_sapling":1,"biomesoplenty:flowering_oak_sapling":2,"minecraft:stonecutter":1,"minecraft:golden_apple":1,"minecraft:crafting_table":7,"minecraft:blast_furnace":1,"minecraft:oak_log":2,"minecraft:diamond_pickaxe":1191,"minecraft:apple":34,"minecraft:bread":17,"minecraft:stone_button":1,"alexscaves:extinction_spear":8,"tombstone:magic_scroll":1,"minecraft:spruce_sapling":5,"minecraft:gravel":11,"minecraft:deepslate":17,"moreusefulcopper:copper_pickaxe":253,"minecraft:cobblestone":62,"minecraft:andesite":24,"minecraft:coarse_dirt":1},"minecraft:custom":{"minecraft:mob_kills":35,"minecraft:interact_with_crafting_table":53,"minecraft:open_barrel":9,"minecraft:leave_game":7,"minecraft:time_since_death":45339,"minecraft:climb_one_cm":3394,"minecraft:sprint_one_cm":1099347,"minecraft:walk_one_cm":684135,"minecraft:drop":33,"minecraft:talked_to_villager":1,"minecraft:play_time":328615,"minecraft:deaths":14,"minecraft:sneak_time":5002,"minecraft:walk_under_water_one_cm":19000,"minecraft:jump":6247,"minecraft:interact_with_blast_furnace":31,"minecraft:walk_on_water_one_cm":30077,"minecraft:total_world_time":328615,"minecraft:interact_with_furnace":80,"minecraft:interact_with_loom":1,"minecraft:interact_with_stonecutter":7,"minecraft:sleep_in_bed":12,"minecraft:time_since_rest":23611,"minecraft:damage_taken":5737,"minecraft:damage_absorbed":40,"minecraft:damage_dealt":5228,"tombstone:cast_on_ally":0,"minecraft:swim_one_cm":9328,"minecraft:fly_one_cm":1281408,"minecraft:player_kills":1,"minecraft:open_chest":59,"minecraft:crouch_one_cm":10126,"tombstone:undead_killed":23,"minecraft:fall_one_cm":221428},"minecraft:crafted":{"moreusefulcopper:copper_chestplate":1,"minecraft:oak_planks":17,"biomemakeover:ancient_oak_planks":13,"comforts:sleeping_bag_white":1,"minecraft:furnace":3,"minecraft:stone":257,"moreusefulcopper:copper_pickaxe":1,"moreusefulcopper:copper_helmet":1,"moreusefulcopper:copper_leggings":1,"minecraft:polished_diorite":4,"sophisticatedbackpacks:copper_backpack":1,"minecraft:polished_deepslate":80,"minecraft:iron_axe":2,"minecraft:stone_pickaxe":1,"minecraft:chest":2,"minecraft:dark_oak_planks":21,"minecraft:stone_bricks":96,"sophisticatedbackpacks:iron_backpack":1,"minecraft:deepslate":13,"sophisticatedbackpacks:backpack":1,"minecraft:crafting_table":4,"minecraft:wooden_pickaxe":2,"minecraft:iron_sword":1,"minecraft:copper_ingot":84,"minecraft:birch_planks":3,"minecraft:deepslate_tiles":80,"minecraft:air":219,"minecraft:diamond_pickaxe":1,"minecraft:stick":12,"moreusefulcopper:copper_boots":1,"minecraft:iron_ingot":72,"minecraft:wooden_axe":1,"minecraft:gold_ingot":7,"minecraft:stonecutter":1,"minecraft:torch":12,"minecraft:deepslate_bricks":64,"minecraft:lapis_block":1},"minecraft:broken":{"minecraft:wooden_pickaxe":1,"minecraft:iron_axe":1,"minecraft:wooden_axe":1,"moreusefulcopper:copper_pickaxe":1},"minecraft:killed":{"minecraft:spider":1,"minecraft:skeleton":2,"majruszsdifficulty:cursed_armor":2,"minecraft:creeper":3,"minecraft:sheep":3,"alexsmobs:crocodile":1,"minecraft:zombie":21,"minecraft:cow":2},"minecraft:dropped":{"minecraft:iron_ingot":64,"minecraft:brown_mushroom":1,"minecraft:wheat_seeds":27,"minecraft:cooked_beef":2,"minecraft:dark_oak_sapling":3,"minecraft:red_mushroom":1,"tombstone:magic_scroll":1,"tombstone:grave_key":2,"tombstone:grave_dust":2,"minecraft:iron_axe":1,"alexscaves:extinction_spear":2,"alexsmobs:crocodile_scute":1,"alexsmobs:crocodile_egg":1,"tombstone:gift":2,"minecraft:rotten_flesh":9,"supplementaries:ash":6,"minecraft:andesite":7,"moreusefulcopper:copper_pickaxe":1,"minecraft:wooden_pickaxe":1,"minecraft:stone_pickaxe":1},"minecraft:mined":{"minecraft:diamond_ore":2,"minecraft:tuff":42,"biomemakeover:ancient_oak_log":13,"minecraft:dark_oak_leaves":1,"minecraft:deepslate_diamond_ore":1,"minecraft:dark_oak_log":21,"biomemakeover:ancient_oak_planks":2,"minecraft:granite":89,"biomesoplenty:bush":6,"minecraft:stone_button":1,"biomemakeover:itching_ivy":1,"minecraft:grass_block":14,"minecraft:light_gray_bed":1,"minecraft:polished_diorite":4,"minecraft:spruce_leaves":22,"minecraft:spawner":1,"minecraft:redstone_ore":2,"croptopia:pecan_crop":1,"minecraft:furnace":1,"minecraft:carrots":45,"minecraft:iron_ore":106,"minecraft:andesite":93,"minecraft:deepslate_lapis_ore":5,"minecraft:brown_bed":1,"minecraft:polished_deepslate":1,"minecraft:deepslate_iron_ore":13,"farmersdelight:rope":15,"biomesoplenty:high_grass":4,"biomesoplenty:webbing":1,"minecraft:stone":650,"minecraft:deepslate_redstone_ore":5,"biomemakeover:ivy":3,"biomesoplenty:hanging_cobweb_strand":1,"minecraft:crafting_table":5,"minecraft:torch":11,"minecraft:blast_furnace":1,"minecraft:chest":1,"minecraft:white_stained_glass_pane":2,"minecraft:tall_grass":2,"minecraft:copper_ore":31,"minecraft:cobblestone":6,"biomesoplenty:huge_clover_petal":5,"biomesoplenty:sprout":10,"minecraft:lapis_ore":14,"minecraft:diorite":95,"minecraft:wall_torch":18,"supplementaries:urn":11,"minecraft:coarse_dirt":1,"minecraft:wheat":11,"minecraft:spruce_log":89,"minecraft:birch_leaves":1,"biomesoplenty:maple_leaves":1,"minecraft:grass":21,"biomesoplenty:clover":9,"minecraft:oak_log":40,"minecraft:coal_ore":140,"minecraft:gravel":12,"minecraft:dirt":50,"biomesoplenty:stringy_cobweb":1,"minecraft:cobweb":3,"minecraft:gold_ore":4,"minecraft:oak_leaves":13,"minecraft:deepslate":235,"minecraft:suspicious_gravel":1}},"DataVersion":3465}