{"stats":{"minecraft:mined":{"biomemakeover:ancient_oak_log":13,"biomemakeover:ivy":3,"minecraft:dark_oak_log":2,"minecraft:crafting_table":2,"biomemakeover:itching_ivy":1,"minecraft:white_stained_glass_pane":2,"minecraft:tall_grass":2,"minecraft:coarse_dirt":1,"croptopia:pecan_crop":1,"minecraft:carrots":45,"minecraft:iron_ore":1,"minecraft:wheat":11,"minecraft:birch_leaves":1,"minecraft:brown_bed":1,"minecraft:grass":2,"biomesoplenty:clover":6,"minecraft:oak_log":6,"biomesoplenty:high_grass":1,"minecraft:gravel":7,"minecraft:dirt":15,"minecraft:stone":5,"minecraft:suspicious_gravel":1},"minecraft:crafted":{"biomemakeover:ancient_oak_planks":13,"minecraft:crafting_table":2,"comforts:sleeping_bag_white":1,"minecraft:wooden_pickaxe":1,"minecraft:air":62,"minecraft:stick":8,"minecraft:stone_pickaxe":1,"minecraft:wooden_axe":1,"minecraft:dark_oak_planks":2},"minecraft:dropped":{"minecraft:brown_mushroom":1,"minecraft:wheat_seeds":27,"minecraft:red_mushroom":1,"tombstone:grave_dust":1,"minecraft:wooden_pickaxe":1,"alexscaves:extinction_spear":2},"minecraft:custom":{"minecraft:mob_kills":4,"minecraft:interact_with_crafting_table":4,"minecraft:open_barrel":5,"minecraft:leave_game":2,"minecraft:time_since_death":25055,"minecraft:sleep_in_bed":1,"minecraft:climb_one_cm":2077,"minecraft:time_since_rest":11507,"minecraft:sprint_one_cm":273376,"minecraft:damage_taken":930,"minecraft:walk_one_cm":173191,"minecraft:drop":7,"minecraft:damage_dealt":442,"minecraft:swim_one_cm":1791,"minecraft:fly_one_cm":353776,"minecraft:player_kills":1,"minecraft:open_chest":7,"minecraft:crouch_one_cm":2426,"minecraft:play_time":64882,"minecraft:deaths":5,"minecraft:sneak_time":1427,"minecraft:walk_under_water_one_cm":2051,"minecraft:jump":1432,"minecraft:interact_with_blast_furnace":1,"minecraft:walk_on_water_one_cm":3554,"minecraft:total_world_time":64882,"minecraft:fall_one_cm":40875},"minecraft:killed_by":{"minecraft:skeleton":1,"minecraft:zombie":2},"minecraft:killed":{"minecraft:creeper":1,"minecraft:sheep":3},"minecraft:used":{"croptopia:pecan":1,"minecraft:stone_pickaxe":1,"minecraft:wooden_pickaxe":31,"biomemakeover:ancient_oak_sapling":1,"biomesoplenty:flowering_oak_sapling":1,"minecraft:dirt":9,"minecraft:crafting_table":3,"minecraft:carrot":56,"minecraft:wooden_axe":35,"minecraft:dark_oak_planks":4,"minecraft:bread":9,"alexscaves:extinction_spear":8,"biomemakeover:ancient_oak_planks":10,"minecraft:bow":2,"minecraft:oak_sapling":4,"tombstone:gift":2,"comforts:sleeping_bag_white":1,"minecraft:coarse_dirt":1},"minecraft:picked_up":{"minecraft:crafting_table":2,"minecraft:coarse_dirt":1,"minecraft:wheat":11,"minecraft:brown_mushroom":1,"minecraft:red_mushroom":1,"minecraft:brown_bed":1,"biomemakeover:ancient_oak_log":13,"minecraft:oak_log":6,"tombstone:grave_key":1,"minecraft:dirt":15,"minecraft:apple":1,"alexscaves:extinction_spear":2,"minecraft:wheat_seeds":27,"biomemakeover:ancient_oak_sapling":1,"comforts:sleeping_bag_white":1,"minecraft:stick":6,"minecraft:raw_iron":1,"minecraft:gravel":7,"minecraft:carrot":165,"minecraft:dark_oak_log":2,"biomesoplenty:flowering_oak_sapling":1,"minecraft:oak_sapling":4,"minecraft:mutton":4,"croptopia:pecan":1,"minecraft:white_wool":3,"minecraft:cobblestone":5}},"DataVersion":3465}