{"stats":{"minecraft:picked_up":{"alexscaves:extinction_spear":2,"tombstone:grave_key":1},"minecraft:mined":{"minecraft:grass":2,"biomesoplenty:clover":3,"biomemakeover:itching_ivy":1},"minecraft:killed_by":{"minecraft:zombie":2},"minecraft:custom":{"minecraft:time_since_rest":21008,"minecraft:crouch_one_cm":2143,"minecraft:play_time":34949,"minecraft:sprint_one_cm":72391,"minecraft:deaths":3,"minecraft:damage_taken":630,"minecraft:walk_one_cm":81140,"minecraft:sneak_time":1318,"minecraft:mob_kills":1,"minecraft:drop":3,"minecraft:jump":511,"minecraft:damage_dealt":46,"minecraft:leave_game":1,"minecraft:time_since_death":23407,"minecraft:total_world_time":34949,"minecraft:fall_one_cm":10804,"minecraft:fly_one_cm":109118,"minecraft:player_kills":1},"minecraft:killed":{"minecraft:creeper":1},"minecraft:used":{"minecraft:bread":2,"alexscaves:extinction_spear":8,"tombstone:gift":2},"minecraft:dropped":{"tombstone:grave_dust":1,"alexscaves:extinction_spear":2}},"DataVersion":3465}