{"stats":{"minecraft:killed_by":{"minecraft:cave_spider":1,"minecraft:skeleton":1},"minecraft:picked_up":{"minecraft:crafting_table":4,"croptopia:peach":7,"minecraft:suspicious_stew":1,"minecraft:lead":2,"minecraft:wooden_pickaxe":1,"minecraft:wither_rose":3,"minecraft:string":7,"minecraft:raw_copper":8,"minecraft:iron_axe":1,"minecraft:wooden_sword":1,"croptopia:soybean":1,"minecraft:cobbled_deepslate":4,"minecraft:spruce_planks":84,"comforts:sleeping_bag_white":3,"croptopia:avocado":2,"minecraft:beef":21,"minecraft:rose_bush":1,"minecraft:iron_nugget":40,"minecraft:spruce_slab":2,"minecraft:iron_pickaxe":1,"biomemakeover:willow_log":24,"biomesoplenty:redwood_wood":14,"minecraft:furnace":1,"minecraft:dark_oak_sapling":49,"minecraft:stick":131,"minecraft:raw_iron":24,"croptopia:corn_seed":1,"croptopia:soybean_seed":1,"minecraft:torch":75,"minecraft:spruce_fence":1,"minecraft:arrow":13,"minecraft:rotten_flesh":1,"minecraft:peony":1,"supplementaries:antique_ink":4,"minecraft:hay_block":34,"farmersdelight:rope":18,"tombstone:essence_of_undeath":1,"supplementaries:ash":19,"minecraft:mutton":7,"minecraft:white_wool":5,"minecraft:cobblestone":549,"biomesoplenty:lavender":1,"minecraft:birch_log":7,"minecraft:water_bucket":1,"biomesoplenty:goldenrod":3,"minecraft:leather":7,"alexsmobs:bison_fur":2,"minecraft:oak_log":237,"minecraft:blue_bed":1,"minecraft:dirt":1483,"tombstone:gift":1,"minecraft:cooked_mutton":3,"minecraft:bone":8,"croptopia:corn":1,"minecraft:apple":17,"minecraft:wheat_seeds":38,"minecraft:mossy_stone_bricks":1,"minecraft:dark_oak_slab":1,"minecraft:sand":347,"minecraft:spruce_sapling":76,"minecraft:spruce_log":445,"minecraft:dark_oak_log":321,"minecraft:spider_eye":1,"minecraft:mossy_cobblestone":6,"biomemakeover:willow_sapling":3,"minecraft:diamond":2,"croptopia:orange":3,"minecraft:gray_wool":1,"minecraft:emerald":15,"minecraft:bread":1,"minecraft:oak_sapling":41,"minecraft:melon_seeds":4,"minecraft:coal":41,"minecraft:oak_leaves":1},"minecraft:used":{"minecraft:iron_shovel":557,"minecraft:spruce_slab":39,"minecraft:stone_shovel":74,"minecraft:spruce_planks":59,"minecraft:chest":6,"minecraft:iron_sword":83,"minecraft:torch":84,"minecraft:dirt":249,"farmersdelight:rope":7,"minecraft:dark_oak_planks":56,"minecraft:wooden_axe":61,"minecraft:iron_axe":1089,"minecraft:dark_oak_slab":57,"minecraft:bow":28,"minecraft:furnace":2,"tombstone:gift":3,"comforts:sleeping_bag_white":3,"minecraft:cooked_beef":22,"minecraft:dark_oak_sapling":1,"minecraft:cooked_mutton":4,"minecraft:water_bucket":23,"minecraft:birch_planks":6,"minecraft:stone_pickaxe":145,"minecraft:wooden_pickaxe":18,"minecraft:blue_bed":1,"minecraft:crafting_table":7,"minecraft:oak_log":1,"minecraft:apple":1,"minecraft:diamond_shovel":1177,"minecraft:bread":7,"minecraft:iron_pickaxe":511,"minecraft:stone_axe":135,"minecraft:wooden_sword":6,"minecraft:bucket":25,"alexsmobs:animal_dictionary":1,"minecraft:oak_boat":1},"minecraft:crafted":{"minecraft:oak_planks":237,"comforts:sleeping_bag_white":1,"minecraft:furnace":1,"minecraft:diamond_shovel":1,"minecraft:cooked_mutton":6,"biomemakeover:willow_planks":24,"minecraft:glass":147,"minecraft:iron_axe":4,"minecraft:spruce_slab":60,"minecraft:stone_pickaxe":2,"minecraft:chest":7,"minecraft:dark_oak_planks":65,"minecraft:cooked_beef":4,"sophisticatedbackpacks:backpack":1,"minecraft:cooked_porkchop":17,"minecraft:crafting_table":3,"minecraft:spruce_planks":136,"minecraft:iron_sword":1,"minecraft:bucket":1,"minecraft:stone_axe":1,"minecraft:air":1850,"minecraft:oak_boat":1,"minecraft:dark_oak_slab":66,"minecraft:stick":13,"minecraft:iron_ingot":28,"minecraft:iron_pickaxe":3,"minecraft:wooden_axe":1,"minecraft:iron_shovel":2},"minecraft:custom":{"minecraft:interact_with_smithing_table":2,"minecraft:mob_kills":19,"minecraft:interact_with_crafting_table":48,"minecraft:open_barrel":8,"minecraft:leave_game":2,"minecraft:time_since_death":15770,"minecraft:climb_one_cm":24621,"minecraft:sprint_one_cm":624107,"minecraft:walk_one_cm":762722,"minecraft:drop":32,"minecraft:play_time":235049,"minecraft:deaths":2,"minecraft:sneak_time":2561,"minecraft:walk_under_water_one_cm":30415,"minecraft:jump":5217,"minecraft:walk_on_water_one_cm":24221,"minecraft:total_world_time":235049,"minecraft:interact_with_furnace":31,"tombstone:raider_killed":1,"minecraft:sleep_in_bed":3,"minecraft:waystone_activated":5,"minecraft:time_since_rest":15324,"minecraft:damage_taken":1821,"minecraft:damage_dealt":1643,"minecraft:swim_one_cm":27096,"minecraft:fly_one_cm":656998,"minecraft:open_chest":87,"minecraft:crouch_one_cm":5893,"tombstone:undead_killed":2,"minecraft:use_cauldron":1,"minecraft:interact_with_smoker":2,"minecraft:fall_one_cm":78949},"minecraft:broken":{"minecraft:iron_shovel":2,"minecraft:stone_pickaxe":1,"minecraft:iron_axe":3,"minecraft:stone_axe":1,"minecraft:iron_pickaxe":2,"minecraft:wooden_axe":1,"minecraft:stone_shovel":1},"minecraft:killed":{"minecraft:cave_spider":2,"minecraft:spider":1,"minecraft:skeleton":1,"alexsmobs:bison":1,"hunters_return:hunter":1,"minecraft:sheep":5,"minecraft:zombie":1,"minecraft:cow":5},"minecraft:dropped":{"minecraft:bread":1,"biomesoplenty:redwood_wood":7,"biomesoplenty:lavender":1,"minecraft:cobblestone":18,"minecraft:stick":9,"minecraft:dirt":78,"biomesoplenty:goldenrod":1,"minecraft:mutton":1,"minecraft:rose_bush":1,"tombstone:grave_dust":1,"minecraft:wooden_sword":1,"minecraft:wither_rose":2,"minecraft:iron_pickaxe":1,"minecraft:white_wool":1,"minecraft:spruce_sapling":1,"minecraft:bone":2,"minecraft:raw_copper":6,"minecraft:suspicious_stew":1,"croptopia:avocado":2,"minecraft:peony":1,"minecraft:spruce_planks":17,"minecraft:melon_seeds":4,"minecraft:oak_sapling":30,"minecraft:spider_eye":1,"minecraft:wooden_pickaxe":1},"minecraft:mined":{"minecraft:spruce_planks":23,"minecraft:mossy_cobblestone":11,"minecraft:deepslate_diamond_ore":2,"minecraft:dark_oak_log":335,"biomesoplenty:bush":3,"minecraft:grass_block":882,"minecraft:spruce_fence":1,"minecraft:spruce_leaves":22,"minecraft:hay_block":35,"minecraft:furnace":1,"minecraft:iron_ore":16,"croptopia:corn_crop":1,"biomesoplenty:lavender":1,"croptopia:soybean_crop":1,"minecraft:peony":2,"minecraft:vine":11,"minecraft:deepslate_iron_ore":9,"betterarcheology:loot_vase":1,"minecraft:stone":554,"minecraft:spruce_slab":2,"minecraft:crafting_table":4,"minecraft:torch":43,"biomemakeover:willowing_branches":1,"minecraft:rose_bush":3,"minecraft:copper_ore":3,"minecraft:tall_grass":7,"minecraft:cobblestone":1,"minecraft:blue_bed":1,"minecraft:wall_torch":18,"biomesoplenty:goldenrod":4,"supplementaries:urn":10,"biomemakeover:willow_log":39,"minecraft:birch_log":7,"minecraft:spruce_log":470,"minecraft:wither_rose":1,"minecraft:grass":258,"minecraft:coal_ore":41,"minecraft:oak_log":254,"minecraft:sand":247,"minecraft:dirt":662,"minecraft:cobweb":7,"minecraft:stone_bricks":4,"minecraft:fern":1,"minecraft:mossy_stone_bricks":1,"biomesoplenty:redwood_wood":8,"minecraft:oak_leaves":4,"minecraft:deepslate":4}},"DataVersion":3465}