{"stats":{"minecraft:mined":{"minecraft:mossy_cobblestone":11,"minecraft:deepslate_diamond_ore":2,"minecraft:crafting_table":1,"biomesoplenty:bush":1,"minecraft:grass_block":5,"minecraft:spruce_fence":1,"biomemakeover:willowing_branches":1,"minecraft:tall_grass":3,"minecraft:cobblestone":1,"minecraft:spruce_leaves":22,"biomesoplenty:goldenrod":4,"minecraft:hay_block":35,"biomemakeover:willow_log":39,"minecraft:furnace":1,"minecraft:birch_log":7,"minecraft:iron_ore":10,"croptopia:corn_crop":1,"biomesoplenty:lavender":1,"croptopia:soybean_crop":1,"minecraft:deepslate_iron_ore":7,"minecraft:wither_rose":1,"minecraft:grass":131,"minecraft:vine":11,"minecraft:coal_ore":23,"minecraft:oak_log":103,"minecraft:cobweb":7,"betterarcheology:loot_vase":1,"minecraft:stone":22,"minecraft:stone_bricks":4,"minecraft:deepslate":4,"minecraft:mossy_stone_bricks":1,"minecraft:oak_leaves":2,"biomesoplenty:redwood_wood":8,"minecraft:fern":1},"minecraft:dropped":{"minecraft:bread":1,"biomesoplenty:redwood_wood":7,"biomesoplenty:lavender":1,"minecraft:suspicious_stew":1,"minecraft:dirt":5,"biomesoplenty:goldenrod":1,"minecraft:melon_seeds":4,"minecraft:spider_eye":1,"minecraft:oak_sapling":4,"minecraft:wither_rose":2,"minecraft:wooden_sword":1,"minecraft:wooden_pickaxe":1,"minecraft:iron_pickaxe":1,"minecraft:spruce_sapling":1,"minecraft:bone":2},"minecraft:crafted":{"minecraft:cooked_beef":4,"minecraft:oak_planks":91,"sophisticatedbackpacks:backpack":1,"minecraft:cooked_porkchop":17,"minecraft:crafting_table":3,"comforts:sleeping_bag_white":1,"minecraft:iron_sword":1,"minecraft:furnace":1,"minecraft:bucket":1,"minecraft:stone_axe":1,"minecraft:cooked_mutton":6,"minecraft:air":458,"biomemakeover:willow_planks":24,"minecraft:stick":8,"minecraft:iron_ingot":4,"minecraft:stone_pickaxe":1,"minecraft:iron_pickaxe":1,"minecraft:wooden_axe":1,"minecraft:chest":3},"minecraft:custom":{"minecraft:interact_with_smithing_table":2,"minecraft:interact_with_furnace":19,"minecraft:mob_kills":13,"tombstone:raider_killed":1,"minecraft:interact_with_crafting_table":21,"minecraft:open_barrel":8,"minecraft:time_since_death":47900,"minecraft:sleep_in_bed":1,"minecraft:climb_one_cm":22333,"minecraft:time_since_rest":45501,"minecraft:waystone_activated":4,"minecraft:sprint_one_cm":382202,"minecraft:damage_taken":846,"minecraft:walk_one_cm":281660,"minecraft:drop":17,"minecraft:damage_dealt":1022,"minecraft:swim_one_cm":16459,"minecraft:fly_one_cm":400225,"minecraft:deaths":1,"minecraft:open_chest":21,"minecraft:crouch_one_cm":2904,"minecraft:play_time":103007,"minecraft:sneak_time":1089,"minecraft:walk_under_water_one_cm":7917,"minecraft:jump":1992,"minecraft:walk_on_water_one_cm":17771,"minecraft:interact_with_smoker":2,"minecraft:total_world_time":103007,"minecraft:use_cauldron":1,"minecraft:fall_one_cm":49467},"minecraft:broken":{"minecraft:stone_axe":1,"minecraft:wooden_axe":1},"minecraft:killed_by":{"minecraft:cave_spider":1},"minecraft:killed":{"minecraft:cave_spider":2,"hunters_return:hunter":1,"minecraft:sheep":4,"alexsmobs:bison":1,"minecraft:cow":5},"minecraft:used":{"minecraft:cooked_mutton":3,"minecraft:water_bucket":4,"minecraft:birch_planks":6,"minecraft:stone_pickaxe":48,"minecraft:chest":2,"minecraft:wooden_pickaxe":18,"minecraft:iron_sword":61,"minecraft:torch":6,"minecraft:crafting_table":3,"minecraft:oak_log":1,"minecraft:wooden_axe":61,"minecraft:apple":1,"minecraft:bread":7,"minecraft:iron_pickaxe":41,"minecraft:stone_axe":135,"minecraft:wooden_sword":6,"minecraft:bow":17,"minecraft:furnace":2,"minecraft:bucket":6,"comforts:sleeping_bag_white":1,"alexsmobs:animal_dictionary":1,"minecraft:cooked_beef":10},"minecraft:picked_up":{"biomesoplenty:lavender":1,"minecraft:birch_log":7,"minecraft:crafting_table":1,"minecraft:suspicious_stew":1,"croptopia:peach":7,"minecraft:water_bucket":1,"biomesoplenty:goldenrod":3,"minecraft:leather":7,"minecraft:lead":2,"minecraft:wooden_pickaxe":1,"minecraft:wither_rose":3,"alexsmobs:bison_fur":2,"minecraft:oak_log":91,"minecraft:dirt":5,"minecraft:string":7,"minecraft:wooden_sword":1,"croptopia:soybean":1,"minecraft:cooked_mutton":3,"minecraft:bone":3,"croptopia:corn":1,"minecraft:apple":1,"minecraft:wheat_seeds":15,"minecraft:cobbled_deepslate":4,"comforts:sleeping_bag_white":1,"minecraft:beef":21,"minecraft:mossy_stone_bricks":1,"minecraft:iron_pickaxe":1,"biomemakeover:willow_log":24,"biomesoplenty:redwood_wood":14,"minecraft:furnace":1,"minecraft:stick":25,"minecraft:raw_iron":17,"croptopia:corn_seed":1,"croptopia:soybean_seed":1,"minecraft:spruce_fence":1,"minecraft:spruce_sapling":2,"minecraft:spider_eye":1,"minecraft:mossy_cobblestone":6,"minecraft:arrow":6,"biomemakeover:willow_sapling":3,"minecraft:rotten_flesh":1,"minecraft:diamond":2,"minecraft:hay_block":34,"croptopia:orange":3,"minecraft:melon_seeds":4,"minecraft:bread":1,"minecraft:emerald":1,"minecraft:gray_wool":1,"minecraft:oak_sapling":15,"minecraft:mutton":6,"minecraft:coal":23,"minecraft:white_wool":3,"minecraft:cobblestone":22}},"DataVersion":3465}