{"stats":{"minecraft:broken":{"minecraft:iron_shovel":2,"minecraft:iron_axe":3,"minecraft:stone_axe":1,"minecraft:wooden_axe":1,"minecraft:stone_shovel":1},"minecraft:crafted":{"minecraft:oak_planks":237,"comforts:sleeping_bag_white":1,"minecraft:furnace":1,"minecraft:diamond_shovel":1,"minecraft:cooked_mutton":6,"biomemakeover:willow_planks":24,"minecraft:iron_axe":4,"minecraft:stone_pickaxe":1,"minecraft:chest":5,"minecraft:dark_oak_planks":47,"minecraft:cooked_beef":4,"sophisticatedbackpacks:backpack":1,"minecraft:cooked_porkchop":17,"minecraft:crafting_table":3,"minecraft:spruce_planks":136,"minecraft:iron_sword":1,"minecraft:bucket":1,"minecraft:stone_axe":1,"minecraft:air":1774,"minecraft:oak_boat":1,"minecraft:stick":12,"minecraft:iron_ingot":17,"minecraft:iron_pickaxe":1,"minecraft:wooden_axe":1,"minecraft:iron_shovel":2},"minecraft:killed":{"minecraft:cave_spider":2,"alexsmobs:bison":1,"hunters_return:hunter":1,"minecraft:sheep":5,"minecraft:cow":5},"minecraft:used":{"minecraft:iron_shovel":557,"minecraft:stone_shovel":74,"minecraft:spruce_planks":15,"minecraft:chest":4,"minecraft:iron_sword":61,"minecraft:torch":75,"minecraft:dirt":193,"minecraft:wooden_axe":61,"minecraft:iron_axe":1064,"minecraft:bow":27,"minecraft:furnace":2,"comforts:sleeping_bag_white":3,"minecraft:cooked_beef":17,"minecraft:cooked_mutton":3,"minecraft:water_bucket":4,"minecraft:birch_planks":6,"minecraft:stone_pickaxe":48,"minecraft:wooden_pickaxe":18,"minecraft:crafting_table":7,"minecraft:oak_log":1,"minecraft:apple":1,"minecraft:diamond_shovel":20,"minecraft:bread":7,"minecraft:iron_pickaxe":41,"minecraft:stone_axe":135,"minecraft:wooden_sword":6,"minecraft:bucket":6,"minecraft:oak_boat":1,"alexsmobs:animal_dictionary":1},"minecraft:picked_up":{"minecraft:crafting_table":4,"croptopia:peach":7,"minecraft:suspicious_stew":1,"minecraft:lead":2,"minecraft:wooden_pickaxe":1,"minecraft:wither_rose":3,"minecraft:string":7,"minecraft:wooden_sword":1,"croptopia:soybean":1,"minecraft:cobbled_deepslate":4,"comforts:sleeping_bag_white":3,"croptopia:avocado":2,"minecraft:beef":21,"minecraft:iron_pickaxe":1,"biomemakeover:willow_log":24,"biomesoplenty:redwood_wood":14,"minecraft:furnace":1,"minecraft:dark_oak_sapling":48,"minecraft:stick":124,"minecraft:raw_iron":17,"croptopia:corn_seed":1,"croptopia:soybean_seed":1,"minecraft:torch":64,"minecraft:spruce_fence":1,"minecraft:arrow":11,"minecraft:rotten_flesh":1,"minecraft:peony":1,"minecraft:hay_block":34,"minecraft:mutton":7,"minecraft:white_wool":4,"minecraft:cobblestone":22,"biomesoplenty:lavender":1,"minecraft:birch_log":7,"minecraft:water_bucket":1,"biomesoplenty:goldenrod":3,"minecraft:leather":7,"alexsmobs:bison_fur":2,"minecraft:oak_log":237,"minecraft:dirt":361,"minecraft:cooked_mutton":3,"minecraft:bone":7,"croptopia:corn":1,"minecraft:apple":17,"minecraft:wheat_seeds":32,"minecraft:mossy_stone_bricks":1,"minecraft:sand":347,"minecraft:spruce_sapling":76,"minecraft:spruce_log":445,"minecraft:dark_oak_log":321,"minecraft:spider_eye":1,"minecraft:mossy_cobblestone":6,"biomemakeover:willow_sapling":3,"minecraft:diamond":2,"croptopia:orange":3,"minecraft:gray_wool":1,"minecraft:emerald":1,"minecraft:bread":1,"minecraft:oak_leaves":1,"minecraft:oak_sapling":41,"minecraft:melon_seeds":4,"minecraft:coal":23},"minecraft:custom":{"minecraft:interact_with_smithing_table":2,"minecraft:mob_kills":16,"minecraft:interact_with_crafting_table":35,"minecraft:open_barrel":8,"minecraft:leave_game":1,"minecraft:time_since_death":117613,"minecraft:climb_one_cm":22333,"minecraft:sprint_one_cm":528205,"minecraft:walk_one_cm":450702,"minecraft:drop":20,"minecraft:play_time":172720,"minecraft:deaths":1,"minecraft:sneak_time":1930,"minecraft:walk_under_water_one_cm":14053,"minecraft:jump":4648,"minecraft:walk_on_water_one_cm":20141,"minecraft:total_world_time":172720,"minecraft:interact_with_furnace":23,"tombstone:raider_killed":1,"minecraft:sleep_in_bed":3,"minecraft:waystone_activated":5,"minecraft:time_since_rest":55069,"minecraft:damage_taken":1261,"minecraft:damage_dealt":1102,"minecraft:swim_one_cm":22561,"minecraft:fly_one_cm":547771,"minecraft:open_chest":49,"minecraft:crouch_one_cm":5388,"minecraft:use_cauldron":1,"minecraft:interact_with_smoker":2,"minecraft:fall_one_cm":66607},"minecraft:mined":{"minecraft:mossy_cobblestone":11,"minecraft:deepslate_diamond_ore":2,"minecraft:dark_oak_log":335,"biomesoplenty:bush":3,"minecraft:grass_block":328,"minecraft:spruce_fence":1,"minecraft:spruce_leaves":22,"minecraft:hay_block":35,"minecraft:furnace":1,"minecraft:iron_ore":10,"croptopia:corn_crop":1,"biomesoplenty:lavender":1,"croptopia:soybean_crop":1,"minecraft:peony":2,"minecraft:vine":11,"minecraft:deepslate_iron_ore":7,"betterarcheology:loot_vase":1,"minecraft:stone":22,"minecraft:crafting_table":4,"minecraft:torch":40,"biomemakeover:willowing_branches":1,"minecraft:tall_grass":4,"minecraft:cobblestone":1,"minecraft:wall_torch":18,"biomesoplenty:goldenrod":4,"biomemakeover:willow_log":39,"minecraft:birch_log":7,"minecraft:spruce_log":470,"minecraft:wither_rose":1,"minecraft:grass":253,"minecraft:coal_ore":23,"minecraft:oak_log":254,"minecraft:sand":247,"minecraft:dirt":34,"minecraft:cobweb":7,"minecraft:stone_bricks":4,"minecraft:mossy_stone_bricks":1,"biomesoplenty:redwood_wood":8,"minecraft:oak_leaves":4,"minecraft:deepslate":4,"minecraft:fern":1},"minecraft:dropped":{"minecraft:bread":1,"biomesoplenty:redwood_wood":7,"biomesoplenty:lavender":1,"minecraft:dirt":5,"biomesoplenty:goldenrod":1,"minecraft:wooden_sword":1,"minecraft:wither_rose":2,"minecraft:iron_pickaxe":1,"minecraft:spruce_sapling":1,"minecraft:bone":2,"minecraft:suspicious_stew":1,"croptopia:avocado":2,"minecraft:peony":1,"minecraft:melon_seeds":4,"minecraft:oak_sapling":30,"minecraft:spider_eye":1,"minecraft:wooden_pickaxe":1},"minecraft:killed_by":{"minecraft:cave_spider":1}},"DataVersion":3465}