{"stats":{"minecraft:mined":{"biomemakeover:wild_mushrooms":1,"biomemakeover:ancient_oak_log":1,"minecraft:dark_oak_leaves":6,"biomemakeover:ivy":3,"biomemakeover:ancient_oak_planks":7,"minecraft:crafting_table":3,"minecraft:torch":1,"minecraft:grass_block":9,"minecraft:melon":9,"minecraft:chest":1,"minecraft:tall_grass":1,"minecraft:cobblestone":28,"biomesoplenty:sprout":8,"biomesoplenty:huge_clover_petal":2,"minecraft:oak_planks":28,"minecraft:smooth_stone":7,"minecraft:birch_planks":1,"minecraft:gray_bed":1,"biomesoplenty:fir_log":20,"minecraft:grass":37,"minecraft:coal_ore":2,"biomesoplenty:clover":7,"minecraft:pointed_dripstone":1,"minecraft:oak_log":129,"minecraft:oak_stairs":2,"minecraft:dirt":3,"minecraft:polished_andesite":4,"minecraft:stone":249,"minecraft:oak_leaves":1},"minecraft:dropped":{"minecraft:dark_oak_sapling":1,"minecraft:rotten_flesh":22,"tombstone:grave_key":2,"minecraft:chest":1},"minecraft:crafted":{"minecraft:wooden_sword":2,"minecraft:oak_planks":428,"minecraft:crafting_table":2,"minecraft:wooden_pickaxe":3,"minecraft:furnace":1,"minecraft:oak_wood":6,"minecraft:stick":16,"minecraft:oak_stairs":12,"minecraft:stone_pickaxe":2,"minecraft:wooden_axe":3,"minecraft:stone_sword":1,"minecraft:chest":1},"minecraft:custom":{"minecraft:mob_kills":3,"minecraft:interact_with_crafting_table":19,"minecraft:leave_game":5,"minecraft:time_since_death":60167,"minecraft:time_since_rest":57971,"minecraft:sprint_one_cm":562543,"minecraft:damage_taken":4322,"minecraft:walk_one_cm":637443,"minecraft:drop":7,"minecraft:damage_dealt":917,"minecraft:swim_one_cm":10744,"minecraft:fly_one_cm":348883,"minecraft:open_chest":10,"minecraft:crouch_one_cm":20778,"minecraft:play_time":164807,"tombstone:undead_killed":1,"minecraft:deaths":16,"minecraft:sneak_time":3296,"minecraft:walk_under_water_one_cm":14339,"minecraft:jump":2299,"minecraft:walk_on_water_one_cm":7336,"minecraft:total_world_time":164807,"minecraft:fall_one_cm":54099},"minecraft:killed_by":{"minecraft:player":1,"minecraft:skeleton":3,"minecraft:creeper":1,"minecraft:spider":1,"minecraft:zombie":3,"minecraft:pillager":1,"alexsmobs:grizzly_bear":1,"minecraft:vex":2},"minecraft:broken":{"minecraft:stone_pickaxe":1,"minecraft:wooden_axe":2,"minecraft:wooden_pickaxe":2},"minecraft:killed":{"minecraft:sheep":1,"alexsmobs:banana_slug":1,"minecraft:zombie":1},"minecraft:used":{"minecraft:stone_sword":8,"minecraft:polished_andesite":3,"minecraft:stone_pickaxe":170,"minecraft:oak_planks":327,"minecraft:chest":2,"minecraft:wooden_pickaxe":144,"minecraft:dirt":10,"minecraft:mutton":1,"minecraft:crafting_table":4,"minecraft:oak_wood":3,"minecraft:oak_log":1,"minecraft:wooden_axe":166,"minecraft:apple":1,"minecraft:oak_stairs":14,"minecraft:melon_slice":34,"minecraft:bread":6,"minecraft:wooden_sword":14,"minecraft:cobblestone":231,"minecraft:furnace":1,"minecraft:oak_sapling":3,"tombstone:gift":3,"alexsmobs:animal_dictionary":3,"biomesoplenty:fir_log":2,"minecraft:smooth_stone":4,"minecraft:pointed_dripstone":2},"minecraft:picked_up":{"minecraft:crafting_table":3,"minecraft:feather":1,"minecraft:brown_mushroom":3,"minecraft:red_mushroom":2,"minecraft:oak_stairs":2,"biomesoplenty:fir_log":4,"minecraft:oak_log":137,"tombstone:grave_key":1,"croptopia:walnut":4,"minecraft:paper":3,"minecraft:dirt":14,"minecraft:bone":15,"minecraft:apple":1,"biomemakeover:ancient_oak_sapling":3,"minecraft:wheat_seeds":5,"minecraft:smooth_stone":6,"minecraft:iron_ingot":3,"minecraft:melon_slice":41,"minecraft:gray_bed":1,"minecraft:chest":2,"minecraft:oak_planks":28,"minecraft:dark_oak_sapling":2,"minecraft:stick":27,"biomemakeover:ancient_oak_planks":12,"minecraft:torch":2,"tombstone:grave_dust":1,"minecraft:pointed_dripstone":2,"biomesoplenty:flowering_oak_sapling":16,"minecraft:polished_andesite":4,"minecraft:arrow":10,"minecraft:rotten_flesh":21,"minecraft:gold_ingot":1,"enchantwithmob:mob_enchant_book":4,"alexsmobs:banana_slug_slime":4,"minecraft:oak_sapling":46,"minecraft:mutton":1,"minecraft:coal":2,"minecraft:cobblestone":290,"minecraft:white_wool":1}},"DataVersion":3465}