{"stats":{"minecraft:mined":{"minecraft:grass":4,"biomesoplenty:clover":4,"minecraft:grass_block":1,"minecraft:oak_log":10,"biomesoplenty:huge_clover_petal":2},"minecraft:picked_up":{"minecraft:feather":1,"minecraft:oak_log":10,"minecraft:dirt":1,"minecraft:bone":7,"minecraft:arrow":10,"minecraft:rotten_flesh":20,"minecraft:wheat_seeds":1,"minecraft:mutton":1,"minecraft:white_wool":1},"minecraft:killed_by":{"minecraft:player":1,"minecraft:skeleton":1,"minecraft:creeper":1,"minecraft:spider":1,"minecraft:zombie":2},"minecraft:custom":{"minecraft:time_since_rest":17312,"minecraft:sprint_one_cm":122811,"minecraft:damage_taken":1371,"minecraft:walk_one_cm":200952,"minecraft:mob_kills":2,"minecraft:drop":4,"minecraft:damage_dealt":550,"minecraft:swim_one_cm":5806,"minecraft:fly_one_cm":157930,"minecraft:crouch_one_cm":3462,"minecraft:play_time":58685,"tombstone:undead_killed":1,"minecraft:deaths":8,"minecraft:sneak_time":875,"minecraft:walk_under_water_one_cm":8866,"minecraft:jump":833,"minecraft:leave_game":1,"minecraft:time_since_death":19711,"minecraft:walk_on_water_one_cm":770,"minecraft:total_world_time":58685,"minecraft:fall_one_cm":19642},"minecraft:used":{"minecraft:bread":2,"minecraft:dirt":1,"minecraft:mutton":1,"tombstone:gift":3,"alexsmobs:animal_dictionary":3},"minecraft:killed":{"minecraft:sheep":1,"minecraft:zombie":1},"minecraft:dropped":{"tombstone:grave_key":1,"minecraft:rotten_flesh":22}},"DataVersion":3465}