{"stats":{"minecraft:killed_by":{"minecraft:player":1,"minecraft:creeper":1,"minecraft:spider":1,"minecraft:pillager":1,"minecraft:skeleton":4,"minecraft:zombie":3,"alexsmobs:grizzly_bear":2,"minecraft:vex":2},"minecraft:picked_up":{"minecraft:crafting_table":4,"minecraft:chicken":1,"minecraft:brown_mushroom":3,"minecraft:oak_stairs":2,"tombstone:grave_key":1,"minecraft:cracked_stone_bricks":1,"minecraft:smooth_stone":6,"biomemakeover:ancient_oak_sapling":3,"minecraft:cobblestone_slab":1,"minecraft:melon_slice":41,"minecraft:chest":2,"minecraft:furnace":2,"minecraft:dark_oak_sapling":2,"minecraft:stick":27,"minecraft:raw_iron":4,"minecraft:torch":2,"minecraft:porkchop":6,"minecraft:pointed_dripstone":6,"tombstone:grave_dust":1,"minecraft:arrow":10,"minecraft:rotten_flesh":21,"minecraft:gold_ingot":1,"minecraft:mutton":1,"minecraft:cobblestone":302,"minecraft:white_wool":1,"minecraft:feather":2,"minecraft:red_mushroom":2,"biomesoplenty:fir_log":4,"minecraft:oak_log":137,"croptopia:walnut":4,"minecraft:paper":3,"minecraft:blue_bed":3,"minecraft:dirt":37,"minecraft:lantern":1,"minecraft:bone":15,"minecraft:apple":1,"minecraft:stone_bricks":1,"minecraft:wheat_seeds":6,"minecraft:iron_ingot":3,"minecraft:gray_bed":1,"minecraft:oak_planks":50,"aquaculture:smallmouth_bass":1,"aquaculture:gar":1,"biomemakeover:ancient_oak_planks":12,"minecraft:sand":53,"minecraft:spruce_door":9,"biomesoplenty:flowering_oak_sapling":16,"minecraft:polished_andesite":4,"alexsmobs:banana_slug_slime":4,"enchantwithmob:mob_enchant_book":4,"minecraft:oak_sapling":46,"minecraft:coal":47},"minecraft:used":{"minecraft:oak_fence":36,"minecraft:stone_sword":8,"minecraft:chest":3,"minecraft:cooked_chicken":1,"minecraft:dirt":10,"minecraft:mutton":1,"minecraft:oak_wood":3,"minecraft:glass":43,"minecraft:wooden_axe":191,"minecraft:oak_stairs":14,"minecraft:oak_sapling":3,"minecraft:furnace":3,"tombstone:gift":3,"minecraft:pointed_dripstone":2,"minecraft:spruce_door":6,"minecraft:stone_pickaxe":260,"minecraft:polished_andesite":3,"minecraft:oak_planks":342,"minecraft:wooden_pickaxe":144,"minecraft:spruce_sign":1,"minecraft:blue_bed":3,"minecraft:cobblestone_slab":33,"minecraft:crafting_table":5,"minecraft:oak_log":1,"minecraft:apple":1,"minecraft:melon_slice":41,"minecraft:bread":6,"aquaculture:gar":1,"minecraft:wooden_sword":58,"minecraft:cobblestone":239,"minecraft:cooked_porkchop":2,"aquaculture:smallmouth_bass":1,"alexsmobs:animal_dictionary":3,"biomesoplenty:fir_log":2,"minecraft:smooth_stone":4},"minecraft:custom":{"minecraft:mob_kills":12,"minecraft:interact_with_crafting_table":28,"minecraft:leave_game":6,"minecraft:time_since_death":17824,"minecraft:climb_one_cm":15820,"minecraft:sprint_one_cm":756332,"minecraft:walk_one_cm":1139916,"minecraft:drop":7,"minecraft:play_time":276922,"minecraft:deaths":18,"minecraft:sneak_time":4838,"minecraft:walk_under_water_one_cm":32820,"minecraft:jump":3264,"minecraft:walk_on_water_one_cm":37149,"minecraft:total_world_time":276922,"minecraft:interact_with_furnace":20,"minecraft:sleep_in_bed":1,"minecraft:time_since_rest":15428,"minecraft:damage_taken":4910,"minecraft:damage_dealt":1848,"minecraft:fly_one_cm":421793,"minecraft:swim_one_cm":12893,"minecraft:open_chest":22,"minecraft:crouch_one_cm":27449,"tombstone:undead_killed":2,"minecraft:fall_one_cm":69794},"minecraft:crafted":{"minecraft:wooden_sword":2,"minecraft:oak_planks":484,"minecraft:cobblestone_slab":36,"minecraft:cooked_chicken":1,"minecraft:furnace":1,"minecraft:glass":49,"minecraft:stone_pickaxe":3,"minecraft:chest":2,"minecraft:oak_fence":39,"minecraft:cooked_porkchop":6,"minecraft:crafting_table":2,"minecraft:wooden_pickaxe":3,"minecraft:oak_wood":6,"minecraft:stick":32,"minecraft:iron_ingot":4,"minecraft:stone_sword":1,"minecraft:wooden_axe":3,"minecraft:oak_stairs":12},"minecraft:broken":{"minecraft:wooden_pickaxe":2,"minecraft:stone_pickaxe":1,"minecraft:wooden_sword":1,"minecraft:wooden_axe":3},"minecraft:killed":{"aquaculture:gar":1,"aquaculture:smallmouth_bass":1,"alexsmobs:banana_slug":1,"minecraft:chicken":1,"minecraft:pig":4,"minecraft:sheep":1,"minecraft:zombie":2},"minecraft:dropped":{"minecraft:dark_oak_sapling":1,"tombstone:grave_key":2,"minecraft:rotten_flesh":22,"minecraft:chest":1},"minecraft:mined":{"biomemakeover:wild_mushrooms":1,"biomemakeover:ancient_oak_log":1,"minecraft:dark_oak_leaves":7,"biomemakeover:ancient_oak_planks":7,"minecraft:grass_block":12,"minecraft:smooth_stone":7,"minecraft:furnace":2,"minecraft:iron_ore":4,"minecraft:pointed_dripstone":4,"minecraft:cobblestone_slab":1,"minecraft:oak_stairs":2,"minecraft:lantern":1,"minecraft:stone":260,"biomemakeover:ivy":3,"minecraft:spruce_door":9,"minecraft:crafting_table":4,"minecraft:torch":1,"minecraft:melon":9,"minecraft:chest":1,"minecraft:tall_grass":1,"minecraft:cobblestone":29,"biomesoplenty:sprout":11,"biomesoplenty:huge_clover_petal":2,"minecraft:oak_planks":50,"minecraft:blue_bed":3,"minecraft:birch_planks":1,"minecraft:gray_bed":1,"biomesoplenty:fir_log":20,"minecraft:grass":48,"biomesoplenty:clover":25,"minecraft:coal_ore":40,"minecraft:oak_log":129,"minecraft:sand":53,"minecraft:dirt":4,"minecraft:cracked_stone_bricks":1,"minecraft:polished_andesite":4,"minecraft:stone_bricks":2,"minecraft:mossy_stone_bricks":1,"minecraft:oak_leaves":7}},"DataVersion":3465}