{"stats":{"minecraft:broken":{"minecraft:stone_pickaxe":1,"minecraft:wooden_axe":3,"minecraft:wooden_pickaxe":2},"minecraft:crafted":{"minecraft:wooden_sword":2,"minecraft:oak_planks":484,"minecraft:cobblestone_slab":36,"minecraft:crafting_table":2,"minecraft:wooden_pickaxe":3,"minecraft:furnace":1,"minecraft:oak_wood":6,"minecraft:glass":49,"minecraft:stick":32,"minecraft:wooden_axe":3,"minecraft:stone_pickaxe":3,"minecraft:oak_stairs":12,"minecraft:stone_sword":1,"minecraft:chest":2,"minecraft:oak_fence":39},"minecraft:killed":{"aquaculture:gar":1,"aquaculture:smallmouth_bass":1,"minecraft:sheep":1,"minecraft:zombie":1,"alexsmobs:banana_slug":1},"minecraft:picked_up":{"minecraft:crafting_table":4,"minecraft:feather":1,"minecraft:brown_mushroom":3,"minecraft:red_mushroom":2,"minecraft:oak_stairs":2,"biomesoplenty:fir_log":4,"minecraft:oak_log":137,"tombstone:grave_key":1,"croptopia:walnut":4,"minecraft:blue_bed":3,"minecraft:dirt":35,"minecraft:paper":3,"minecraft:bone":15,"minecraft:apple":1,"minecraft:wheat_seeds":6,"biomemakeover:ancient_oak_sapling":3,"minecraft:smooth_stone":6,"minecraft:iron_ingot":3,"minecraft:cobblestone_slab":1,"minecraft:melon_slice":41,"minecraft:gray_bed":1,"minecraft:chest":2,"minecraft:oak_planks":50,"minecraft:raw_iron":2,"aquaculture:smallmouth_bass":1,"minecraft:furnace":2,"minecraft:stick":27,"minecraft:dark_oak_sapling":2,"aquaculture:gar":1,"biomemakeover:ancient_oak_planks":12,"minecraft:torch":2,"minecraft:sand":53,"tombstone:grave_dust":1,"minecraft:pointed_dripstone":6,"minecraft:spruce_door":9,"biomesoplenty:flowering_oak_sapling":16,"minecraft:polished_andesite":4,"minecraft:arrow":10,"minecraft:rotten_flesh":21,"minecraft:gold_ingot":1,"enchantwithmob:mob_enchant_book":4,"alexsmobs:banana_slug_slime":4,"minecraft:oak_sapling":46,"minecraft:mutton":1,"minecraft:coal":24,"minecraft:white_wool":1,"minecraft:cobblestone":292},"minecraft:used":{"minecraft:oak_fence":36,"minecraft:stone_sword":8,"minecraft:spruce_door":6,"minecraft:polished_andesite":3,"minecraft:stone_pickaxe":200,"minecraft:oak_planks":342,"minecraft:chest":3,"minecraft:wooden_pickaxe":144,"minecraft:spruce_sign":1,"minecraft:cobblestone_slab":33,"minecraft:blue_bed":3,"minecraft:dirt":10,"minecraft:mutton":1,"minecraft:crafting_table":5,"minecraft:oak_wood":3,"minecraft:glass":43,"minecraft:oak_log":1,"minecraft:wooden_axe":191,"minecraft:apple":1,"minecraft:bread":6,"minecraft:oak_stairs":14,"minecraft:melon_slice":41,"aquaculture:gar":1,"minecraft:wooden_sword":25,"minecraft:cobblestone":232,"minecraft:furnace":3,"minecraft:oak_sapling":3,"aquaculture:smallmouth_bass":1,"tombstone:gift":3,"alexsmobs:animal_dictionary":3,"biomesoplenty:fir_log":2,"minecraft:smooth_stone":4,"minecraft:pointed_dripstone":2},"minecraft:custom":{"minecraft:interact_with_furnace":15,"minecraft:mob_kills":6,"minecraft:interact_with_crafting_table":28,"minecraft:leave_game":5,"minecraft:time_since_death":119448,"minecraft:sleep_in_bed":1,"minecraft:climb_one_cm":15820,"minecraft:time_since_rest":40296,"minecraft:sprint_one_cm":622579,"minecraft:damage_taken":4409,"minecraft:walk_one_cm":902990,"minecraft:drop":7,"minecraft:damage_dealt":1148,"minecraft:swim_one_cm":12383,"minecraft:fly_one_cm":378068,"minecraft:open_chest":19,"minecraft:crouch_one_cm":26941,"minecraft:play_time":224088,"tombstone:undead_killed":1,"minecraft:deaths":16,"minecraft:sneak_time":4740,"minecraft:walk_under_water_one_cm":29717,"minecraft:jump":2691,"minecraft:walk_on_water_one_cm":26198,"minecraft:total_world_time":224088,"minecraft:fall_one_cm":62198},"minecraft:mined":{"biomemakeover:wild_mushrooms":1,"minecraft:dark_oak_leaves":6,"biomemakeover:ancient_oak_log":1,"biomemakeover:ivy":3,"minecraft:spruce_door":9,"biomemakeover:ancient_oak_planks":7,"minecraft:crafting_table":4,"minecraft:torch":1,"minecraft:grass_block":10,"minecraft:melon":9,"minecraft:chest":1,"minecraft:tall_grass":1,"minecraft:cobblestone":29,"biomesoplenty:sprout":11,"biomesoplenty:huge_clover_petal":2,"minecraft:oak_planks":50,"minecraft:blue_bed":3,"minecraft:smooth_stone":7,"minecraft:birch_planks":1,"minecraft:furnace":2,"minecraft:iron_ore":2,"minecraft:gray_bed":1,"minecraft:cobblestone_slab":1,"biomesoplenty:fir_log":20,"minecraft:grass":48,"minecraft:coal_ore":17,"biomesoplenty:clover":25,"minecraft:pointed_dripstone":4,"minecraft:oak_log":129,"minecraft:oak_stairs":2,"minecraft:sand":53,"minecraft:dirt":4,"minecraft:stone":250,"minecraft:polished_andesite":4,"minecraft:oak_leaves":1},"minecraft:dropped":{"minecraft:dark_oak_sapling":1,"minecraft:rotten_flesh":22,"tombstone:grave_key":2,"minecraft:chest":1},"minecraft:killed_by":{"minecraft:player":1,"minecraft:skeleton":3,"minecraft:creeper":1,"minecraft:spider":1,"minecraft:zombie":3,"minecraft:pillager":1,"alexsmobs:grizzly_bear":1,"minecraft:vex":2}},"DataVersion":3465}