{"stats":{"minecraft:mined":{"biomemakeover:wild_mushrooms":1,"biomemakeover:ivy":1,"biomemakeover:ancient_oak_planks":2,"minecraft:crafting_table":3,"minecraft:grass_block":3,"minecraft:tall_grass":1,"minecraft:cobblestone":21,"biomesoplenty:huge_clover_petal":2,"minecraft:smooth_stone":7,"minecraft:birch_planks":1,"minecraft:gray_bed":1,"minecraft:grass":4,"minecraft:oak_log":65,"biomesoplenty:clover":4,"minecraft:pointed_dripstone":1,"minecraft:coal_ore":2,"minecraft:stone":19,"minecraft:polished_andesite":4,"minecraft:oak_leaves":1},"minecraft:dropped":{"minecraft:dark_oak_sapling":1,"minecraft:rotten_flesh":22,"tombstone:grave_key":2},"minecraft:crafted":{"minecraft:wooden_sword":2,"minecraft:oak_planks":72,"minecraft:crafting_table":2,"minecraft:wooden_pickaxe":2,"minecraft:oak_wood":6,"minecraft:stick":16,"minecraft:stone_pickaxe":1,"minecraft:wooden_axe":1,"minecraft:stone_sword":1},"minecraft:custom":{"minecraft:mob_kills":2,"minecraft:interact_with_crafting_table":7,"minecraft:leave_game":5,"minecraft:time_since_death":5706,"minecraft:time_since_rest":4192,"minecraft:sprint_one_cm":259547,"minecraft:damage_taken":3170,"minecraft:walk_one_cm":350399,"minecraft:drop":6,"minecraft:damage_dealt":680,"minecraft:swim_one_cm":5806,"minecraft:fly_one_cm":209628,"minecraft:open_chest":3,"minecraft:crouch_one_cm":7096,"minecraft:play_time":88534,"tombstone:undead_killed":1,"minecraft:deaths":13,"minecraft:sneak_time":1511,"minecraft:walk_under_water_one_cm":8866,"minecraft:jump":1306,"minecraft:walk_on_water_one_cm":1563,"minecraft:total_world_time":88534,"minecraft:fall_one_cm":31585},"minecraft:killed_by":{"minecraft:player":1,"minecraft:skeleton":3,"minecraft:creeper":1,"minecraft:spider":1,"minecraft:zombie":3,"minecraft:pillager":1},"minecraft:killed":{"minecraft:sheep":1,"minecraft:zombie":1},"minecraft:used":{"minecraft:stone_sword":8,"minecraft:stone_pickaxe":39,"minecraft:polished_andesite":3,"minecraft:wooden_pickaxe":20,"minecraft:dirt":1,"minecraft:mutton":1,"minecraft:crafting_table":3,"minecraft:oak_wood":3,"minecraft:wooden_axe":39,"minecraft:bread":6,"minecraft:cobblestone":23,"minecraft:oak_sapling":3,"tombstone:gift":3,"alexsmobs:animal_dictionary":3,"minecraft:smooth_stone":4,"minecraft:pointed_dripstone":2},"minecraft:picked_up":{"minecraft:crafting_table":3,"minecraft:feather":1,"minecraft:brown_mushroom":3,"minecraft:red_mushroom":2,"minecraft:oak_log":62,"croptopia:walnut":3,"minecraft:dirt":3,"minecraft:bone":7,"minecraft:wheat_seeds":1,"minecraft:smooth_stone":6,"minecraft:gray_bed":1,"minecraft:stick":4,"minecraft:dark_oak_sapling":2,"biomemakeover:ancient_oak_planks":2,"minecraft:pointed_dripstone":2,"minecraft:polished_andesite":4,"minecraft:arrow":10,"minecraft:rotten_flesh":20,"minecraft:oak_sapling":5,"minecraft:mutton":1,"minecraft:coal":2,"minecraft:cobblestone":36,"minecraft:white_wool":1}},"DataVersion":3465}